60,26,0.4333,24,0.4,6,0.1,2,0.0333,2,0.0333,0,0,62,42,0.6774,6,0.0968,14,0.2258,3,0.05,2,0.0333,498.4795,8.308,3393.7,8322.5,5138,26.2419,17.1508,15.5445,12.624,19.04,11.1614,8.2428,5.6772,26.5824,12.0955,7.2402,8.9313,2.1404,128.426,0.3624,21.7417,3.7665,225.9874,0.3595,21.569,3.7329,223.9749,0.632,37.9176,2.174,130.4386,0.6269,37.6163,4.2402,254.4134,0.7178,43.0706,1.6667,100,0.7121,42.7284,1.5532,0.0054682,0.0013005,0.0011593,120.3823,0.5457,69.4212,0.7082,104.682,0.654,434.0065,0.2333,431.5786,0.0725,-0.0203,-0.1073,-0.1616,0.0916,0.0187,0.0916,-0.1616,0.2532,0.0023334,7.7806,2.8881,812.1163,495.9741,316.142,179.8321,0.6107,0.3893,402.7887,256.7441,699.8308,-446.0834,1145.9,0.8617,-0.5493,568.344,-362.2716,15.1264,-30.5337,45.66,0.0186,-0.0376,12.2844,-24.7969,0.0649,1.3005,0.1145,1.5042,8,8,8,94.4716,0.1163,25.8163,0.0318,0.9059,5.0178,0.0061786,1.3752,0.0016934,0.0483,180.2209,0.2219,34.0296,0.0419,1.1941,21.8256,0.0269,4.1785,0.0051452,0.1466,-269.5061,-4.4918,94,1.5667,-10.037,-9.682,-0.639,-0.415,9.043,0,0.0303,0.0033594,0,0.00082498,0.00014475,0,0.0254,0.0036622,1.07E-09,0.0092287,0.0017158,-5.72E-06,6.29E-06,1.24E-07,-4.45E-07,2.05E-06,3.05E-07,0.411,-0.3033,-0.2531,-0.3838,0.2557,0.0659,0.411,-0.4435,4.239,0.601,4.207,0.0355,812.1163,472.5646,339.5515,133.0131,0.5819,0.4181,383.7774,275.7553,2619.6,-1882.3,4501.8,3.2256,-2.3177,2127.4,-1528.6,60.5676,-81.8437,142.4113,0.0746,-0.1008,49.188,-66.4666,0.0741,0.3632,0.08,0.0503,36.2618,0.0447,180.2209,0.2219,216.4827,0.2666,8.7963,0.0108,57.6469,0.071,66.4432,0.0818,8,8,8,92.086,0.1134,25.5221,0.0314,0.8956,16.3224,0.0201,4.5624,0.0056179,0.1601,180.2209,0.2219,34.0296,0.0419,1.1941,57.6469,0.071,10.9961,0.0135,0.3859,0.7443,1.9669,0.973,0.0195,0.9427,3.8481,3.9637,3.9244,0.1041,1.9139,1.0515,2.0082,2.1313,2.0757,0.1591,1.9139,1.1614,0.9346,0.9957,0.9797,0.8698,0.9754,0.9521,155.65,184.314,58.019,82.972,-97.631,-101.342,522.106,533.668,219.46,228.834,-302.646,-304.834,8.902,11.172,1.937,3.05,-6.965,-8.122,12.197,19.967,140.985,231.349,269.153,102.645,126.788,13.293,22.162,18.363,27.566,226.951,399.514,411.217,184.572,192.56,15.898,25.43,10.396,11.061,41.406,69.184,73.191,26.811,30.211,12.311,13.065,13.693,13.739,67.329,108.488,109.404,41.765,42.564,13.218,13.25,-10208,-170.1324,4262.1,71.0346,-909.986,-15.1664,0.4862,-0.5661,-0.2203,-0.3646,0.4065,0.0901,0.4862,-0.6725,812.1163,452.3579,359.7582,92.5997,0.557,0.443,367.3672,292.1655,3202.5,-2547.1,5749.5,3.9434,-3.1363,2600.8,-2068.5,82.5777,-87.7324,170.31,0.1017,-0.108,67.0627,-71.2489,0.0687,0.3364,0.095,0.0597,154.5899,0.1904,180.2209,0.2219,334.8109,0.4123,35.7521,0.044,57.1563,0.0704,92.9083,0.1144,8,8,8,102.1057,0.1257,26.8559,0.0331,0.9424,23.5645,0.029,6.4346,0.0079232,0.2258,180.2209,0.2219,34.0296,0.0419,1.1941,57.1563,0.0704,11.1885,0.0138,0.3926,252.5173,-15.7098,-7.8549,37687,6281.2
24,10,0.4167,7,0.2917,6,0.25,1,0.0417,0,0,0,0,24,13,0.5417,5,0.2083,6,0.25,1,0.0417,1,0.0417,237.1663,9.8819,1662.3,3392.8,576,12.9996,7.9136,7.3532,5.4457,8.3614,4.3429,3.003,1.8496,12.6884,5.1017,3.3171,3.8078,1.9653,47.1683,0.4287,10.2876,2.6196,62.8708,0.4287,10.2876,3.4346,82.4295,0.7491,17.9782,1.1504,27.6096,0.7491,17.9782,3.9183,94.0391,0.8546,20.5103,0.6667,16,0.8546,20.5103,2.9859,0.0316,0.0074887,0.0065588,63.4011,0.6329,34.5204,0.7317,55.3009,0.7451,194.842,0.329,217.9075,0.1,-0.0046614,-0.0637,-0.1585,0.1005,0.0265,0.1005,-0.1585,0.259,0.0192,2.7097,1.387,448.1507,231.763,216.3877,15.3753,0.5172,0.4828,103.8648,96.9743,150.7497,-140.7489,291.4986,0.3364,-0.3141,67.5586,-63.0767,9.8545,-19.6087,29.4631,0.022,-0.0438,4.4163,-8.7876,0.1545,4.5706,0.2436,3.1996,3,3,3,71.0923,0.1586,14.5431,0.0325,0.687,5.8451,0.013,1.167,0.002604,0.0551,84.1729,0.1878,15.4534,0.0345,0.73,11.1582,0.0249,2.104,0.0046949,0.0994,-129.9716,-5.4155,44,1.8333,-10.599,-10.445,-1.301,-0.853,9.144,1.22E-06,0.0226,0.0087254,8.10E-07,3.83E-05,1.90E-05,0.0013497,0.0196,0.0084322,0.00022138,0.007853,0.003726,-0.0155,0.0151,-7.68E-06,-0.00010698,0.00012373,1.43E-05,0.3483,-0.2081,-0.2577,-0.3326,0.2562,0.1255,0.4238,-0.3326,3.56,1.279,4.542,0.087,448.1507,195.608,252.5427,-56.9347,0.4365,0.5635,87.6619,113.1772,471.65,-608.9058,1080.6,1.0524,-1.3587,211.3703,-272.8816,45.8964,-63.636,109.5324,0.1024,-0.142,20.5685,-28.5185,0.1758,6.0596,0.1379,5.688,52.0071,0.116,230.5678,0.5145,282.5749,0.6305,13.0461,0.0291,73.9268,0.165,86.9729,0.1941,3,3,3,71.0923,0.1586,14.5431,0.0325,0.687,16.2658,0.0363,3.285,0.00733,0.1552,84.1729,0.1878,15.4534,0.0345,0.73,24.7512,0.0552,4.5252,0.0101,0.2138,0.7438,1.9291,0.9713,0.0235,0.9475,3.8439,3.9613,3.9245,0.1071,1.9187,1.0792,1.8982,2.1419,2.0326,0.1545,1.9187,1.1055,0.9344,0.9843,0.967,0.9023,0.9582,0.9395,158.565,180.636,60.075,79.446,-98.49,-101.19,522.471,529.641,219.722,225.169,-302.749,-304.472,8.897,10.46,1.934,2.674,-6.963,-7.786,13.818,19.885,140.789,235.623,266.328,105.528,123.871,13.96,22.05,18.163,27.58,227.026,390.106,412.284,182.138,192.936,15.799,25.395,10.949,11.033,41.352,69.953,70.78,26.806,27.582,12.852,12.946,13.691,13.723,67.278,108.406,108.529,41.539,41.75,13.224,13.376,-5229.7,-217.9058,2171.1,90.4635,-401.5159,-16.7298,0.3947,-0.4553,-0.2251,-0.3938,0.3222,0.161,0.3947,-0.4553,448.1507,198.4074,249.7433,-51.3359,0.4427,0.5573,88.9164,111.9226,600.3411,-755.6484,1356,1.3396,-1.6861,269.0433,-338.6444,49.1352,-67.4149,116.5501,0.1096,-0.1504,22.02,-30.2121,0.1304,0.5245,0.1505,0.8068,130.7335,0.2917,230.5678,0.5145,361.3013,0.8062,34.4044,0.0768,62.2597,0.1389,96.6641,0.2157,3,3,3,71.0923,0.1586,14.5431,0.0325,0.687,21.3076,0.0475,4.3253,0.0096514,0.2043,84.1729,0.1878,15.4534,0.0345,0.73,26.5665,0.0593,4.9504,0.011,0.2338,115.5699,-169.2843,-84.6422,20298,3383
22,10,0.4545,7,0.3182,4,0.1818,0,0,1,0.0455,0,0,22,13,0.5909,3,0.1364,6,0.2727,1,0.0455,1,0.0455,210.1593,9.5527,1409.4,2943.1,382,11.4223,7.0197,6.3599,4.7904,7.4756,3.9491,2.6788,1.6262,11.226,4.5854,2.7983,3.4317,1.8744,41.2367,0.4203,9.2471,2.585,56.8708,0.4203,9.2471,3.2954,72.4979,0.739,16.2572,1.1641,25.6096,0.739,16.2572,3.914,86.1075,0.8777,19.3091,0.5455,12,0.8777,19.3091,3.0165,0.0356,0.0124,0.0118,53.2208,0.6127,35.4204,0.7003,52.1408,0.7339,173.4937,0.3105,186.4327,0.1002,-0.0119,-0.0934,-0.1582,0.1005,0.0229,0.1005,-0.1582,0.2588,0.0194,2.7949,1.4164,405.9121,202.3582,203.5538,-1.1956,0.4985,0.5015,82.1396,82.625,139.8241,-140.6502,280.4743,0.3445,-0.3465,56.7563,-57.0916,9.678,-21.1723,30.8502,0.0238,-0.0522,3.9284,-8.5941,0.1455,4.1653,0.229,4.1012,3,3,3,64.8896,0.1599,13.8636,0.0342,0.6881,5.3791,0.0133,1.1193,0.0027576,0.0556,90.7312,0.2235,16.2194,0.04,0.805,12.0159,0.0296,2.2006,0.0054213,0.1092,-171.7305,-7.8059,39,1.7727,-10.204,-9.841,-0.51,-0.297,9.331,2.18E-06,0.0298,0.0086147,1.43E-06,0.00067915,0.00017699,0.00050043,0.0256,0.0085043,0.0015709,0.0088095,0.0047981,-0.0066403,0.0102,3.64E-05,-0.002141,0.00032133,-0.00040178,0.3725,-0.234,-0.2571,-0.338,0.2515,0.1109,0.3725,-0.338,4.158,1.503,4.507,0.0967,405.9121,188.5094,217.4026,-28.8931,0.4644,0.5356,76.5183,88.2463,411.7989,-474.9594,886.7583,1.0145,-1.1701,167.1541,-192.7918,31.792,-53.6834,85.4753,0.0783,-0.1323,12.9047,-21.7907,0.1705,0.3428,0.1547,6.6527,47.7129,0.1175,133.7318,0.3295,181.4447,0.447,11.7078,0.0288,41.2603,0.1016,52.9681,0.1305,3,3,3,64.8896,0.1599,13.8636,0.0342,0.6881,14.6055,0.036,3.0767,0.0075797,0.1527,90.7312,0.2235,16.2194,0.04,0.805,26.7261,0.0658,4.761,0.0117,0.2363,0.7485,1.9442,0.97,0.0235,0.9551,3.841,3.9555,3.9192,0.1047,1.9251,1.0852,2.0609,2.1381,2.0954,0.1533,1.9251,1.1168,0.9367,0.9877,0.9701,0.9045,0.9631,0.9433,157.422,181.414,59.265,80.348,-98.157,-101.066,522.443,530.057,219.654,225.557,-302.789,-304.5,8.952,10.634,1.958,2.763,-6.994,-7.871,13.795,19.935,140.87,236.067,266.079,105.797,125.528,14.048,22.084,18.089,27.683,227.203,389.676,412.116,181.841,193.433,15.677,25.529,10.954,11.058,41.4,70.039,71.847,26.943,28.496,12.804,13.057,13.701,13.733,67.302,108.731,109.001,41.842,42.202,13.23,13.384,-4712.4,-214.1981,1965.3,89.3331,-354.2305,-16.1014,0.4817,-0.4607,-0.2932,-0.3909,0.3166,0.148,0.4817,-0.4607,405.9121,180.8111,225.1009,-44.2898,0.4454,0.5546,73.3934,91.3712,485.1343,-603.9907,1089.1,1.1952,-1.488,196.9219,-245.1671,40.3378,-56.778,97.1158,0.0994,-0.1399,16.3736,-23.0469,0.1795,0.361,0.1717,0.5754,110.694,0.2727,133.7318,0.3295,244.4258,0.6022,27.6159,0.068,42.4375,0.1045,70.0533,0.1726,3,3,3,64.8896,0.1599,13.8636,0.0342,0.6881,18.9325,0.0466,4.0072,0.0098722,0.1989,90.7312,0.2235,16.2194,0.04,0.805,29.3524,0.0723,5.2744,0.013,0.2618,97.3133,26.7023,13.3511,11031,1838.5
22,10,0.4545,7,0.3182,4,0.1818,0,0,0,0,1,0.0455,22,13,0.5909,3,0.1364,6,0.2727,1,0.0455,1,0.0455,226.6143,10.3007,1425.5,3163.9,382,11.4223,7.0197,6.3599,4.7904,8.2316,4.3271,3.086,1.9558,11.584,4.8372,2.9866,3.7356,1.8744,41.2367,0.4203,9.2471,2.585,56.8708,0.4203,9.2471,3.2954,72.4979,0.739,16.2572,1.1641,25.6096,0.739,16.2572,3.914,86.1075,0.8777,19.3091,0.5455,12,0.8777,19.3091,3.0165,0.0293,0.0122,0.0115,53.6008,0.6602,37.1805,0.7442,50.1608,0.6771,180.8257,0.3299,190.4321,0.1001,-0.0133,-0.0935,-0.1583,0.1005,0.0222,0.1005,-0.1583,0.2589,0.0195,2.5768,1.3217,412.0255,180.8815,231.144,-50.2625,0.439,0.561,74.5278,95.2372,115.9495,-148.169,264.1185,0.2814,-0.3596,47.7742,-61.0494,8.9498,-21.4802,30.43,0.0217,-0.0521,3.6876,-8.8504,0.1568,4.4144,0.247,5.1604,3,3,3,62.0268,0.1505,13.5203,0.0328,0.6661,5.2244,0.0127,1.1006,0.0026713,0.0542,93.1268,0.226,16.5143,0.0401,0.8136,12.4736,0.0303,2.2573,0.0054785,0.1112,-135.2447,-6.1475,39,1.7727,-10.201,-9.86,-0.525,-0.324,9.335,1.77E-05,0.024,0.0074202,7.83E-06,0.00044787,0.00020805,0.00047273,0.0152,0.0088016,0.00091869,0.0093105,0.0040395,-0.0152,0.0112,3.63E-05,7.73E-05,0.0013162,0.00068176,0.3632,-0.163,-0.2584,-0.3435,0.2499,0.1148,0.3632,-0.3435,4.253,1.516,4.519,0.0901,412.0255,174.7311,237.2944,-62.5633,0.4241,0.5759,71.9937,97.7714,346.317,-470.3176,816.6346,0.8405,-1.1415,142.6915,-193.7829,29.6735,-51.8627,81.5362,0.072,-0.1259,12.2263,-21.3687,0.1832,0.1228,0.1733,7.0441,47.2358,0.1146,133.7712,0.3247,181.007,0.4393,11.5065,0.0279,41.0887,0.0997,52.5952,0.1277,3,3,3,62.0268,0.1505,13.5203,0.0328,0.6661,14.0091,0.034,3.0002,0.0072816,0.1478,93.1268,0.226,16.5143,0.0401,0.8136,27.1274,0.0658,4.8062,0.0117,0.2368,0.7501,1.9919,0.9702,0.0234,0.9581,3.8399,3.9565,3.9252,0.1071,1.9284,1.0863,2.0561,2.1389,2.0931,0.1528,1.9284,1.1163,0.9375,0.9868,0.9701,0.9053,0.9624,0.9431,157.823,178.769,59.567,77.734,-98.256,-101.035,522.559,530.488,219.733,225.954,-302.826,-304.534,8.972,10.588,1.967,2.739,-7.005,-7.849,13.8,19.911,140.823,236.564,265.816,106.155,124.407,14.13,22.029,18.046,27.707,227.257,389.439,412.026,181.597,194.208,15.606,25.524,10.951,11.065,41.398,70.013,71.567,26.773,28.265,12.841,12.974,13.701,13.725,67.293,108.818,109.117,41.93,42.325,13.224,13.381,-4518.5,-205.3864,1870.4,85.0167,-345.3706,-15.6987,0.4041,-0.5507,-0.2493,-0.3839,0.3176,0.1022,0.4041,-0.5507,412.0255,235.7118,176.3137,59.3981,0.5721,0.4279,97.1193,72.6458,632.4384,-473.0674,1105.5,1.5349,-1.1482,260.5808,-194.9158,43.5255,-49.1777,92.7032,0.1056,-0.1194,17.9336,-20.2625,0.1506,0.4216,0.2052,0.7182,82.5434,0.2003,133.7712,0.3247,216.3145,0.525,22.3392,0.0542,39.7463,0.0965,62.0856,0.1507,3,3,3,62.0268,0.1505,13.5203,0.0328,0.6661,17.6327,0.0428,3.779,0.0091717,0.1862,93.1268,0.226,16.5143,0.0401,0.8136,27.6384,0.0671,4.9712,0.0121,0.2449,103.1399,23.6338,11.8169,13074,2179
26,11,0.4231,10,0.3846,5,0.1923,0,0,0,0,0,0,26,17,0.6538,3,0.1154,6,0.2308,1,0.0385,1,0.0385,222.195,8.546,1510,3026.7,470,12.1294,7.5409,6.6352,5.0871,8.5059,4.3666,2.9309,1.8412,12.2505,5.3151,3.3714,4.0696,1.8853,49.018,0.4011,10.4284,2.8151,73.1935,0.4011,10.4284,3.5326,91.8469,0.7515,19.5401,1.1679,30.3645,0.7515,19.5401,4.1329,107.4565,0.8793,22.861,0.5675,14.7549,0.8793,22.861,2.9666,0.0302,0.008838,0.0073067,69.0812,0.6217,35.0404,0.6854,49.2007,0.6937,193.043,0.3041,229.2655,0.1,-0.0118,-0.0935,-0.1808,0.1005,0.0229,0.1005,-0.1808,0.2813,0.0042561,3.0507,1.5356,449.9571,263.0912,186.8659,76.2253,0.5847,0.4153,118.3797,84.0816,189.1061,-134.3165,323.4226,0.4203,-0.2985,85.0896,-60.4367,11.4597,-19.3801,30.8398,0.0255,-0.0431,5.1564,-8.7202,0.1398,4.0694,0.2515,4.2035,3,3,3,66.321,0.1474,13.9966,0.0311,0.6598,5.572,0.0124,1.1369,0.0025266,0.0536,87.849,0.1952,16.1653,0.0359,0.7621,12.0471,0.0268,2.2409,0.0049803,0.1056,-165.5162,-6.366,42,1.6154,-9.942,-9.121,-0.554,-0.097,8.567,3.73E-07,0.0256,0.0072936,2.02E-07,0.0164,0.0033435,1.63E-06,0.0264,0.0076899,4.62E-05,0.008564,0.0039689,-0.0075593,0.0081624,-0.00026063,1.42E-05,0.0016201,0.00054988,0.3506,-0.1967,-0.2263,-0.3455,0.2485,0.0551,0.3506,-0.3455,2.08,0.75,1.875,0.0158,449.9571,235.0199,214.9372,20.0827,0.5223,0.4777,105.7489,96.7125,521.5796,-476.9672,998.5468,1.1592,-1.06,234.6884,-214.6148,33.7497,-50.9932,84.7429,0.075,-0.1133,15.1859,-22.9447,0.158,1.4823,0.1557,6.6032,50.5757,0.1124,146.9745,0.3266,197.5502,0.439,12.3598,0.0275,43.9406,0.0977,56.3004,0.1251,3,3,3,66.321,0.1474,13.9966,0.0311,0.6598,14.8869,0.0331,3.084,0.006854,0.1454,87.849,0.1952,16.1653,0.0359,0.7621,25.505,0.0567,4.6928,0.0104,0.2212,0.7452,1.9093,0.9709,0.028,0.9414,3.8385,3.9606,3.9263,0.1025,1.9123,1.0694,2.054,2.1536,2.1033,0.1542,1.9123,1.0908,0.9383,0.997,0.978,0.9059,0.9741,0.9518,158.417,180.216,60,79.035,-98.417,-101.181,520.429,530.646,217.556,226.099,-302.873,-304.547,8.989,11.302,1.974,3.121,-7.015,-8.181,13.721,19.956,140.946,235.673,266.24,105.549,126.27,13.924,22.127,15.565,27.542,226.973,389.793,412.428,181.829,192.826,13.546,25.38,10.577,11.059,41.44,70.667,72.652,27.343,29.594,12.445,13.003,13.688,13.695,67.243,108.746,108.834,41.966,42.021,13.172,13.36,-4620.6,-177.7173,1924.7,74.0284,-397.9288,-15.305,0.4083,-0.45,-0.1969,-0.386,0.3108,0.1131,0.4083,-0.45,449.9571,239.219,210.7381,28.4809,0.5316,0.4684,107.6383,94.8231,782.3418,-689.1346,1471.5,1.7387,-1.5316,352.0202,-310.081,48.6448,-62.304,110.9487,0.1081,-0.1385,21.8881,-28.0341,0.1248,0.3347,0.1376,0.83,109.7398,0.2439,146.9745,0.3266,256.7143,0.5705,28.0407,0.0623,45.6816,0.1015,73.7223,0.1638,3,3,3,66.321,0.1474,13.9966,0.0311,0.6598,19.0213,0.0423,3.967,0.0088164,0.187,87.849,0.1952,16.1653,0.0359,0.7621,28.6748,0.0637,5.3032,0.0118,0.25,115.1368,295.8862,147.9431,17849,2974.8
25,11,0.44,7,0.28,4,0.16,0,0,3,0.12,0,0,25,16,0.64,3,0.12,6,0.24,1,0.04,1,0.04,260.1663,10.4067,1722.8,3745.7,668,13.9223,8.2142,8.412,5.683,8.7316,4.5711,3.2741,1.9837,14.0725,5.1106,3.7746,3.9955,2.1788,54.4708,0.4692,11.7296,2.465,61.6257,0.4692,11.7296,3.4293,85.7319,0.7385,18.4614,1.2146,30.3645,0.7385,18.4614,3.8937,97.3415,0.8385,20.9614,0.7502,18.7549,0.8385,20.9614,2.9655,0.0352,0.0050618,0.0047045,70.0412,0.6798,30.8403,0.7477,56.1609,0.7149,200.6068,0.3472,238.784,0.1741,-0.0042035,-0.0935,-0.1585,0.1005,0.0268,0.1741,-0.1585,0.3326,0.005423,3.3467,1.789,461.6448,188.277,273.3677,-85.0907,0.4078,0.5922,86.9171,126.1988,155.3614,-225.576,380.9374,0.3365,-0.4886,71.7218,-104.136,9.0043,-27.8943,36.8986,0.0195,-0.0604,4.1568,-12.8773,0.211,0,0.192,4.5855,3,3,3,64.4125,0.1395,13.8033,0.0299,0.6424,5.3866,0.0117,1.118,0.0024219,0.052,86.663,0.1877,16.0546,0.0348,0.7472,11.8696,0.0257,2.2243,0.0048182,0.1035,-290.569,-11.6228,48,1.92,-10.588,-10.34,-0.977,-0.637,9.363,5.03E-08,0.0235,0.0080081,6.08E-07,3.67E-05,2.04E-05,0.00029289,0.0174,0.008563,0.00068626,0.0108,0.003839,-0.0129,0.0131,-5.75E-05,1.66E-05,0.00031116,0.00016243,0.6287,-0.2106,-0.2545,-0.3409,0.2518,0.126,0.6287,-0.3409,2.849,0.972,3.422,0.045,461.6448,147.1935,314.4513,-167.2578,0.3188,0.6812,67.9511,145.1648,380.657,-813.234,1193.9,0.8246,-1.7616,175.7283,-375.4252,27.863,-70.8621,98.7251,0.0604,-0.1535,12.8628,-32.7131,0.2431,0,0.1318,5.7458,48.6672,0.1054,130.2526,0.2821,178.9198,0.3876,12.0739,0.0262,39.7452,0.0861,51.819,0.1122,3,3,3,64.4125,0.1395,13.8033,0.0299,0.6424,14.6293,0.0317,3.0807,0.0066732,0.1434,86.663,0.1877,16.0546,0.0348,0.7472,24.8855,0.0539,4.6083,0.0099823,0.2145,0.6952,1.9657,0.9711,0.0235,0.9494,3.7497,3.9606,3.912,0.11,1.9205,1.0676,2.0575,2.1469,2.0957,0.1548,1.9205,1.117,0.9366,0.9841,0.9689,0.9044,0.9582,0.9413,146.821,180.74,51.196,79.544,-95.625,-101.196,522.247,530.286,219.448,225.765,-302.799,-304.521,8.949,10.454,1.957,2.671,-6.992,-7.783,13.053,19.935,140.906,230.36,266.259,101.713,125.359,13.872,22.126,18.195,27.622,227.108,390.021,412.466,181.988,192.346,15.784,25.424,10.979,11.044,41.355,70.351,70.792,27.183,27.592,12.871,12.973,13.689,13.69,67.236,108.49,108.616,41.759,41.768,13.175,13.358,-6529.5,-261.1786,2723.7,108.9467,-403.589,-16.1436,0.457,-0.4906,-0.3017,-0.3851,0.3145,0.1734,0.457,-0.4906,461.6448,151.3925,310.2522,-158.8596,0.3279,0.6721,69.8896,143.2263,426.1095,-873.2049,1299.3,0.923,-1.8915,196.7112,-403.1105,37.7322,-63.7233,101.4555,0.0817,-0.138,17.4189,-29.4175,0.1624,0.4353,0.1743,0.8178,102.1057,0.2212,130.2526,0.2821,232.3583,0.5033,27.1837,0.0589,42.3318,0.0917,69.5155,0.1506,3,3,3,64.4125,0.1395,13.8033,0.0299,0.6424,18.8759,0.0409,4.0042,0.0086738,0.1864,86.663,0.1877,16.0546,0.0348,0.7472,28.4572,0.0616,5.291,0.0115,0.2463,109.7427,-235.4355,-117.7178,14942,2490.3
25,11,0.44,9,0.36,4,0.16,0,0,0,0,1,0.04,25,16,0.64,3,0.12,6,0.24,1,0.04,1,0.04,240.6411,9.6256,1510.4,3189.3,466,12.2925,7.4136,6.962,5.3251,9.1542,4.7378,3.5701,2.3535,12.5789,5.0262,3.2382,3.9515,2.0139,50.3478,0.4337,10.8418,2.6299,65.7486,0.4337,10.8418,3.7035,92.5866,0.7975,19.9374,0.9404,23.5098,0.7975,19.9374,4.1835,104.5866,0.9009,22.5215,0.4604,11.5098,0.9009,22.5215,3.0213,0.0362,0.0066521,0.0059149,70.6212,0.6369,33.9604,0.7283,52.4808,0.6829,198.0242,0.3141,231.4652,0.1,-0.0244,-0.0935,-0.1585,0.1005,0.0167,0.1005,-0.1585,0.259,0.0196,2.6839,1.4041,454.8491,219.1977,235.6514,-16.4537,0.4819,0.5181,99.7019,107.1858,142.3778,-153.0651,295.443,0.313,-0.3365,64.7604,-69.6215,9.557,-22.119,31.676,0.021,-0.0486,4.347,-10.0608,0.1547,4.3555,0.244,5.9713,3,3,3,64.4125,0.1416,13.8033,0.0303,0.6472,5.3861,0.0118,1.1179,0.0024578,0.0524,86.0661,0.1892,15.9975,0.0352,0.7501,11.7959,0.0259,2.2175,0.0048753,0.104,-145.6089,-5.8244,42,1.68,-9.935,-9.656,-0.714,-0.359,8.942,5.08E-06,0.0217,0.0069056,1.72E-06,0.0021817,0.00054748,1.02E-06,0.0219,0.0079316,0.0010733,0.0094371,0.0046684,-0.0141,0.0117,-0.00024387,-5.94E-05,0.0048498,0.0011878,0.3548,-0.2018,-0.2553,-0.345,0.2497,0.0701,0.3548,-0.345,0.836,0.912,1.694,0.0119,454.8491,204.738,250.1111,-45.3731,0.4501,0.5499,93.1249,113.7628,430.8712,-526.3837,957.2549,0.9473,-1.1573,195.9814,-239.4252,31.4283,-52.6819,84.1102,0.0691,-0.1158,14.2951,-23.9623,0.1686,0.452,0.1639,7.1455,48.6672,0.107,129.6557,0.2851,178.3229,0.392,11.9676,0.0263,40.0674,0.0881,52.035,0.1144,3,3,3,64.4125,0.1416,13.8033,0.0303,0.6472,14.4947,0.0319,3.052,0.0067098,0.1431,86.0661,0.1892,15.9975,0.0352,0.7501,25.029,0.055,4.6485,0.0102,0.218,0.7426,1.9918,0.9804,0.0235,0.9412,3.839,3.9645,3.9295,0.105,1.9121,1.0736,2.0542,2.1469,2.0913,0.1545,1.9121,1.1151,0.9376,0.9951,0.976,0.9053,0.9834,0.9513,158.189,180.412,59.843,79.223,-98.346,-101.189,522.321,530.606,219.489,226.061,-302.832,-304.545,8.974,11.123,1.968,3.023,-7.006,-8.1,13.721,19.963,140.959,235.577,266.34,105.486,125.18,13.904,22.143,18.141,27.55,226.982,389.869,412.447,181.855,192.761,15.722,25.392,10.484,11.059,41.39,70.317,73.38,27.165,30.146,12.457,12.967,13.685,13.692,67.235,108.632,108.743,41.882,41.911,13.171,13.357,-4717.7,-188.7099,1952.9,78.1153,-378.8948,-15.1558,0.4772,-0.6504,-0.2958,-0.3852,0.313,0.1079,0.4772,-0.6504,454.8491,280.9959,173.8532,107.1427,0.6178,0.3822,127.8107,79.077,1010.3,-625.1064,1635.5,2.2213,-1.3743,459.5563,-284.3291,54.4759,-61.006,115.4819,0.1198,-0.1341,24.7783,-27.7485,0.1327,0.5573,0.1809,1.4548,90.1775,0.1983,129.6557,0.2851,219.8332,0.4833,23.925,0.0526,41.8122,0.0919,65.7373,0.1445,3,3,3,64.4125,0.1416,13.8033,0.0303,0.6472,18.4734,0.0406,3.9109,0.0085983,0.1834,86.0661,0.1892,15.9975,0.0352,0.7501,27.7764,0.0611,5.1924,0.0114,0.2435,117.3819,-351.8017,-175.9008,22192,3698.7
39,18,0.4615,15,0.3846,5,0.1282,1,0.0256,0,0,0,0,40,24,0.6,4,0.1,12,0.3,2,0.0513,2,0.0513,325.3185,8.3415,2263.6,5141.3,1512,17.5267,11.5072,9.9796,8.1467,12.8537,7.0078,4.7864,3.1033,17.4243,8.072,4.7821,5.8604,1.8278,71.2856,0.3458,13.4873,3.4576,134.8451,0.3435,13.3947,3.407,132.8723,0.6446,25.1395,1.8784,73.2584,0.6402,24.9669,4.1049,160.0916,0.7767,30.2894,1.1805,46.0391,0.7713,30.0815,2.1562,0.0097983,0.0055806,0.004974,74.1013,0.568,67.1011,0.6933,67.9212,0.6195,289.8777,0.2464,259.1817,0.0965,-0.0174,-0.0953,-0.1589,0.0929,0.0201,0.0965,-0.1589,0.2554,0.0424,4.1811,1.7365,576.874,351.8109,225.063,126.7478,0.6099,0.3901,202.9505,129.833,295.7672,-189.2103,484.9775,0.5127,-0.328,170.6204,-109.1505,11.8737,-18.4566,30.3303,0.0206,-0.032,6.8496,-10.6471,0.1148,0.9236,0.189,3.8361,4,4,4,81.5891,0.1414,17.8635,0.031,0.7437,4.4243,0.0076694,0.9908,0.0017176,0.0413,105.8066,0.1834,19.0895,0.0331,0.7948,13.0731,0.0227,2.3718,0.0041115,0.0988,-137.2351,-3.5188,61,1.5641,-9.833,-9.167,-0.534,-0.252,8.633,1.08E-08,0.0199,0.0038984,8.95E-08,0.0054621,0.0011668,3.33E-06,0.0262,0.0047035,5.96E-05,0.0091024,0.0039825,-0.007434,0.0063413,-0.00015665,1.40E-05,0.0014295,0.00045417,0.4222,-0.2003,-0.2531,-0.3684,0.2547,0.0708,0.4222,-0.4236,1.609,1.071,2.223,0.0152,576.874,334.9667,241.9071,93.0596,0.5807,0.4193,193.2336,139.5499,1087.8,-785.5208,1873.3,1.8856,-1.3617,627.5067,-453.1465,44.7212,-55.0295,99.7507,0.0775,-0.0954,25.7985,-31.7451,0.13,0.6099,0.1305,0.3971,39.1246,0.0678,145.9801,0.2531,185.1047,0.3209,9.6208,0.0167,46.71,0.081,56.3308,0.0976,4,4,4,81.5891,0.1414,17.8635,0.031,0.7437,14.262,0.0247,3.2224,0.005586,0.1342,105.8066,0.1834,19.0895,0.0331,0.7948,33.6932,0.0584,6.1138,0.0106,0.2545,0.7453,1.9102,0.9708,0.0222,0.9489,3.8404,3.9607,3.9304,0.106,1.9194,1.0503,2.0374,2.1784,2.0927,0.1406,1.9194,1.0847,0.9351,0.995,0.9804,0.8686,0.9755,0.953,155.293,180.334,57.653,79.162,-97.64,-101.172,522.128,532.448,219.379,227.76,-302.749,-304.688,8.914,11.114,1.942,3.019,-6.972,-8.095,13.747,19.908,140.832,236.116,266.476,105.96,125.908,14.02,22.064,15.25,27.617,227.109,387.839,412.656,180.869,193.223,13.256,25.448,10.626,11.059,41.388,70.551,71.996,27.238,28.933,12.477,12.977,13.739,13.739,67.308,109.032,109.032,42.236,42.236,13.227,13.227,-6223.9,-159.5877,2598.7,66.6332,-609.8893,-15.6382,0.4938,-0.3911,-0.21,-0.3577,0.3747,0.1344,0.4938,-0.7209,576.874,334.9667,241.9071,93.0596,0.5807,0.4193,193.2336,139.5499,1546.7,-1117.1,2663.8,2.6812,-1.9364,892.2753,-644.3997,64.4966,-63.5074,128.004,0.1118,-0.1101,37.2064,-36.6358,0.1069,0,0.1561,0.4753,94.4716,0.1638,145.9801,0.2531,240.4518,0.4168,23.8137,0.0413,46.3823,0.0804,70.1961,0.1217,4,4,4,81.5891,0.1414,17.8635,0.031,0.7437,20.3469,0.0353,4.5223,0.0078394,0.1883,105.8066,0.1834,19.0895,0.0331,0.7948,34.749,0.0602,6.6531,0.0115,0.277,174.3022,29.2663,14.6331,25932,4322.1
36,17,0.4722,14,0.3889,5,0.1389,0,0,0,0,0,0,37,22,0.5946,3,0.0811,12,0.3243,2,0.0556,2,0.0556,298.2926,8.2859,2060.6,4302.8,1217,15.9494,10.5585,9.3084,7.2177,11.5998,6.5112,4.5011,2.8538,15.7825,7.4202,4.7143,5.3232,1.7239,62.0594,0.3334,12.0039,3.4461,124.0579,0.3309,11.9129,3.2325,116.3687,0.6252,22.5088,1.9375,69.7486,0.6205,22.338,3.9886,143.588,0.7715,27.7737,1.1814,42.5293,0.7656,27.563,2.0814,0.0117,0.0044796,0.0034913,83.7415,0.5517,49.4408,0.6479,61.421,0.6882,269.0332,0.2646,280.3062,0.1,-0.0183,-0.0935,-0.1786,0.1005,0.0197,0.1005,-0.1786,0.2791,0.004214,3.6813,1.6847,590.0692,336.0656,254.0036,82.062,0.5695,0.4305,198.302,149.8797,269.9452,-204.0288,473.9739,0.4575,-0.3458,159.2863,-120.3911,12.7454,-17.5002,30.2456,0.0216,-0.0297,7.5207,-10.3263,0.1251,3.8206,0.2223,0.7962,3,3,3,67.7524,0.1148,14.1277,0.0239,0.5816,5.7159,0.0096869,1.15,0.001949,0.0473,82.5161,0.1398,15.6696,0.0266,0.6451,11.3036,0.0192,2.1706,0.0036785,0.0894,-137.8221,-3.8284,56,1.5556,-9.48,-9.186,-0.555,-0.116,8.631,8.42E-07,0.0249,0.0047666,3.50E-07,0.0155,0.0031492,3.49E-07,0.0257,0.0049828,4.24E-05,0.0087069,0.0039532,-0.0080161,0.0079895,0.00016694,-0.0017206,-1.48E-05,-0.00054614,0.3505,-0.197,-0.2373,-0.345,0.2486,0.0591,0.3505,-0.345,1.99,0.737,1.673,0.0093831,590.0692,313.1781,276.8911,36.287,0.5307,0.4693,184.7968,163.3849,862.3044,-762.4198,1624.7,1.4614,-1.2921,508.8193,-449.8805,44.1248,-54.5237,98.6485,0.0748,-0.0924,26.0367,-32.1728,0.1273,0.3413,0.1253,5.1663,52.0071,0.0881,127.331,0.2158,179.3381,0.3039,12.7164,0.0216,39.2261,0.0665,51.9425,0.088,3,3,3,67.7524,0.1148,14.1277,0.0239,0.5816,15.2498,0.0258,3.1183,0.0052846,0.1284,82.5161,0.1398,15.6696,0.0266,0.6451,24.1506,0.0409,4.5708,0.0077463,0.1882,0.7439,1.9093,0.9709,0.0235,0.9408,3.8387,3.9604,3.9372,0.1037,1.9118,1.0368,2.0544,2.1453,2.0995,0.1541,1.9118,1.0877,0.9382,0.9965,0.9805,0.9059,0.9665,0.9531,158.38,180.227,59.983,79.047,-98.397,-101.18,521.321,530.607,218.296,226.063,-303.025,-304.544,8.988,11.253,1.974,3.095,-7.014,-8.158,13.312,19.954,140.941,235.669,266.233,105.543,126.174,13.926,22.125,15.089,27.538,226.965,388.109,412.421,181.837,192.811,13.292,25.379,10.494,11.063,41.432,70.655,71.932,27.331,28.65,12.393,12.993,13.69,13.696,67.244,108.751,108.831,41.963,42.023,13.173,13.361,-5714.8,-158.745,2384.1,66.226,-556.5518,-15.4598,0.4132,-0.4583,-0.184,-0.3875,0.3112,0.1412,0.4132,-0.4583,590.0692,322.3058,267.7635,54.5423,0.5462,0.4538,190.1827,157.999,1378,-1144.7,2522.8,2.3354,-1.94,813.1262,-675.4772,64.9817,-71.3423,136.324,0.1101,-0.1209,38.3437,-42.0969,0.0966,0.2591,0.1072,0.5029,133.5962,0.2264,127.331,0.2158,260.9273,0.4422,32.9559,0.0559,41.2572,0.0699,74.2131,0.1258,3,3,3,67.7524,0.1148,14.1277,0.0239,0.5816,19.5155,0.0331,4.0196,0.0068121,0.1655,82.5161,0.1398,15.6696,0.0266,0.6451,27.255,0.0462,5.1802,0.008779,0.2133,166.8337,416.2597,208.1299,28391,4731.8
40,18,0.45,16,0.4,6,0.15,0,0,0,0,0,0,41,26,0.6341,3,0.0732,12,0.2927,2,0.05,2,0.05,328.3184,8.208,2278.1,4997.7,1478,17.5267,11.5072,10.0172,8.0616,12.9307,7.0403,4.8389,3.1722,17.7098,8.2791,4.9303,6.1092,1.8219,72.8771,0.3423,13.6937,3.5,140,0.3401,13.6027,3.4685,138.7382,0.6517,26.0692,1.8535,74.139,0.6474,25.8958,4.2842,171.3673,0.805,32.2002,1.0377,41.5098,0.7997,31.9861,2.2211,0.0099662,0.0043479,0.0032892,91.5417,0.6346,51.9408,0.7441,65.2211,0.7379,294.3593,0.312,316.1539,0.1,-0.0183,-0.0935,-0.1764,0.1005,0.0197,0.1005,-0.1764,0.2769,0.003183,4.5967,1.9235,599.9131,370.4116,229.5015,140.9101,0.6174,0.3826,222.2147,137.681,353.2773,-218.8853,572.1626,0.5889,-0.3649,211.9357,-131.3122,13.9212,-19.9534,33.8746,0.0232,-0.0333,8.3515,-11.9703,0.1054,3.1676,0.185,2.4295,3,3,3,65.8439,0.1098,13.9272,0.0232,0.5686,5.5369,0.0092295,1.1316,0.0018863,0.0462,86.6079,0.1444,15.9532,0.0266,0.6513,11.6907,0.0195,2.1932,0.0036558,0.0895,-173.4952,-4.3374,62,1.55,-9.567,-9.397,-0.468,-0.407,8.929,2.33E-07,0.0235,0.0050018,4.91E-08,0.0030879,0.00063159,4.62E-08,0.0357,0.0046883,9.26E-07,0.0134,0.0032956,-0.0019344,0.0015516,-2.18E-05,-6.41E-05,0.00055673,6.65E-05,0.3588,-0.1962,-0.2403,-0.3421,0.2523,0.0508,0.3588,-0.3421,2.993,1.294,3.646,0.0405,599.9131,338.0819,261.8312,76.2507,0.5636,0.4364,202.8197,157.076,964.8856,-747.3186,1712.2,1.6084,-1.2457,578.8475,-448.3262,44.1581,-54.3705,98.5287,0.0736,-0.0906,26.491,-32.6176,0.1257,0.5055,0.1199,5.154,50.0986,0.0835,146.9193,0.2449,197.0179,0.3284,12.2972,0.0205,44.0263,0.0734,56.3235,0.0939,3,3,3,65.8439,0.1098,13.9272,0.0232,0.5686,14.8731,0.0248,3.0853,0.0051429,0.126,86.6079,0.1444,15.9532,0.0266,0.6513,25.139,0.0419,4.6211,0.0077029,0.1887,0.7477,1.9109,0.972,0.0233,0.9528,3.8413,3.9607,3.9348,0.1028,1.923,1.03,2.0566,2.1411,2.09,0.1533,1.923,1.0681,0.9364,0.9974,0.9827,0.9041,0.9769,0.9566,158.022,180.167,59.712,79.009,-98.31,-101.158,521.649,530.38,218.367,225.85,-303.282,-304.53,8.943,11.353,1.954,3.15,-6.989,-8.203,13.347,19.935,140.865,236.155,266.458,105.871,125.687,14.062,22.095,14.877,27.657,227.169,387.586,412.257,181.905,193.741,13.093,25.485,10.481,11.064,41.396,70.251,72.789,27.117,29.717,12.399,12.972,13.697,13.744,67.313,108.65,109.013,41.773,42.215,13.229,13.376,-6425.4,-160.6355,2675.3,66.8836,-608.7027,-15.2176,0.5213,-0.5294,-0.1748,-0.3947,0.3187,0.1073,0.5213,-0.5294,599.9131,339.5112,260.4019,79.1094,0.5659,0.4341,203.6772,156.2185,1523.7,-1168.6,2692.3,2.5399,-1.948,914.0831,-701.0774,65.629,-67.0596,132.6885,0.1094,-0.1118,39.3717,-40.2299,0.1162,0.4671,0.118,0.3953,115.9424,0.1933,146.9193,0.2449,262.8618,0.4382,29.3073,0.0489,44.4977,0.0742,73.805,0.123,3,3,3,65.8439,0.1098,13.9272,0.0232,0.5686,19.6668,0.0328,4.1219,0.0068708,0.1683,86.6079,0.1444,15.9532,0.0266,0.6513,27.885,0.0465,5.1766,0.0086289,0.2113,177.219,184.5869,92.2934,30380,5063.3
55,27,0.4909,19,0.3455,8,0.1455,0,0,1,0.0182,0,0,57,33,0.5789,6,0.1053,18,0.3158,3,0.0545,3,0.0545,490.437,8.917,3378.2,8235.4,4074,26.4051,17.0783,15.7451,12.6443,18.4601,10.3907,7.6034,5.199,26.1992,11.3442,6.3826,8.2558,1.801,99.0527,0.3115,17.1331,3.9804,218.9221,0.3088,16.9818,3.3254,182.8974,0.5752,31.6357,2.456,135.0774,0.5701,31.3562,4.1491,228.2004,0.7177,39.4717,1.6323,89.7744,0.7113,39.123,2.1424,0.0034273,0.0019915,0.0013943,118.5023,0.4712,77.3014,0.582,99.6819,0.6086,420.4379,0.1798,430.6183,0.1,-0.0155,-0.0935,-0.1585,0.1005,0.0211,0.1005,-0.159,0.2595,0.0015106,6.5393,2.8471,783.0261,404.2578,378.7683,25.4894,0.5163,0.4837,316.5444,296.5855,542.4747,-508.2703,1050.7,0.6928,-0.6491,424.7718,-397.9889,18.8828,-37.1149,55.9978,0.0241,-0.0474,14.7857,-29.062,0.0749,2.2511,0.1185,3.489,6,6,6,132.1649,0.1688,27.9149,0.0357,0.9976,11.125,0.0142,2.2687,0.0028974,0.0811,170.3808,0.2176,31.8657,0.0407,1.1388,23.4682,0.03,4.4299,0.0056574,0.1583,-277.3226,-5.0422,91,1.6545,-9.551,-9.409,-0.633,-0.525,8.776,2.45E-07,0.0165,0.0033517,1.10E-07,0.00019688,2.78E-05,3.48E-07,0.0271,0.0031767,2.06E-06,0.0082133,0.0024386,-0.0014852,0.0022032,6.95E-07,-0.00020108,8.26E-05,1.64E-06,0.3563,-0.1976,-0.2547,-0.3477,0.2491,0.0954,0.3563,-0.3477,2.71,1.918,1.983,0.0080179,783.0261,369.0694,413.9567,-44.8873,0.4713,0.5287,288.991,324.1389,1696,-1902.3,3598.3,2.166,-2.4294,1328,-1489.5,62.6912,-98.0234,160.7147,0.0801,-0.1252,49.0889,-76.7549,0.0775,0.2079,0.0757,3.1198,101.1514,0.1292,253.4367,0.3237,354.5881,0.4528,24.7562,0.0316,78.6948,0.1005,103.451,0.1321,6,6,6,132.1649,0.1688,27.9149,0.0357,0.9976,29.7033,0.0379,6.1532,0.0078582,0.2199,170.3808,0.2176,31.8657,0.0407,1.1388,49.9083,0.0637,9.3267,0.0119,0.3333,0.7345,1.9093,0.9708,0.0236,0.9374,3.8378,3.9603,3.9332,0.1068,1.9083,1.0566,2.052,2.1465,2.089,0.1541,1.9083,1.114,0.9379,0.9909,0.9753,0.9056,0.9635,0.9475,158.138,180.252,59.795,79.069,-98.343,-101.183,522.284,530.815,219.44,226.255,-302.844,-304.56,8.981,10.819,1.971,2.86,-7.01,-7.959,13.145,19.975,140.983,235.686,266.355,105.568,125.956,13.879,22.148,18.114,27.514,226.923,389.762,412.433,181.773,192.99,15.69,25.373,10.303,11.058,41.4,69.884,71.824,27.08,28.504,12.237,13.029,13.684,13.695,67.238,108.701,108.841,41.923,42.03,13.169,13.358,-9888.1,-179.7836,4128.7,75.067,-882.7481,-16.05,0.5818,-0.9582,-0.3102,-0.391,0.3134,0.163,0.5818,-0.9582,783.0261,373.9683,409.0577,-35.0894,0.4776,0.5224,292.8269,320.3029,2938,-3213.8,6151.8,3.7521,-4.1043,2300.5,-2516.5,87.175,-116.1603,203.3353,0.1113,-0.1483,68.2603,-90.9566,0.0741,0,0.122,0,221.388,0.2827,253.4367,0.3237,474.8247,0.6064,57.414,0.0733,84.5508,0.108,141.9648,0.1813,6,6,6,124.0536,0.1584,26.7352,0.0341,0.9554,36.9411,0.0472,7.8902,0.0101,0.282,170.3808,0.2176,31.8657,0.0407,1.1388,57.8323,0.0739,10.8549,0.0139,0.3879,266.0024,-103.9956,-51.9978,45507,7584.6
35,17,0.4857,13,0.3714,4,0.1143,0,0,1,0.0286,0,0,36,21,0.5833,3,0.0833,12,0.3333,2,0.0571,2,0.0571,300.2837,8.5795,2072.6,4469.8,1123,16.1125,10.5241,9.1882,7.7023,11.7461,6.4093,4.4461,2.9943,15.7531,6.8864,3.7215,4.931,1.812,63.4192,0.3533,12.3641,3.3173,116.1057,0.3505,12.2669,3.2996,115.4858,0.6433,22.515,1.8297,64.0391,0.6382,22.338,4.036,141.2602,0.7869,27.54,1.0933,38.2647,0.7807,27.3235,2.3518,0.0132,0.0049704,0.0039395,87.3416,0.591,45.9807,0.6848,63.5211,0.6953,265.727,0.2791,284.5872,0.0965,-0.0148,-0.0953,-0.1589,0.0929,0.0214,0.0965,-0.1589,0.2554,0.0433,3.448,1.4477,571.8317,339.9713,231.8604,108.1108,0.5945,0.4055,194.4063,132.5851,260.1888,-177.4488,437.6375,0.455,-0.3103,148.7842,-101.4708,11.2371,-19.54,30.777,0.0197,-0.0342,6.4257,-11.1736,0.1261,0.9299,0.2076,5.2059,2,2,2,38.6475,0.0676,8.7781,0.0154,0.3671,2.6957,0.0047141,0.5996,0.0010486,0.0251,61.592,0.1077,11.0504,0.0193,0.4621,8.3084,0.0145,1.5113,0.0026428,0.0632,-143.8995,-4.1114,56,1.6,-9.702,-9.213,-0.495,-0.172,8.718,5.87E-09,0.0158,0.0055955,5.48E-08,0.00038166,9.57E-05,1.71E-05,0.0256,0.0050005,0.0010481,0.0084878,0.0046368,-0.004661,0.0073056,0.00011644,-0.0017457,-1.04E-05,-0.00045871,0.3562,-0.199,-0.2587,-0.3395,0.2381,0.0701,0.3562,-0.3395,2.382,0.649,2.443,0.0199,571.8317,299.3915,272.4401,26.9514,0.5236,0.4764,171.2016,155.7899,757.9695,-689.7911,1447.8,1.3255,-1.2063,433.431,-394.4444,38.4006,-49.7536,88.1543,0.0672,-0.087,21.9587,-28.4507,0.1407,0.5658,0.1341,4.5021,21.4708,0.0375,105.3156,0.1842,126.7864,0.2217,5.1122,0.00894,31.6801,0.0554,36.7923,0.0643,2,2,2,38.6475,0.0676,8.7781,0.0154,0.3671,7.8622,0.0137,1.7668,0.0030897,0.0739,61.592,0.1077,11.0504,0.0193,0.4621,17.4093,0.0304,3.1029,0.0054262,0.1298,0.7383,1.9298,0.971,0.024,0.9358,3.8408,3.9635,3.9334,0.1067,1.9067,1.0351,2.0584,2.1824,2.0979,0.1469,1.9067,1.1167,0.9433,0.9951,0.9836,0.9107,0.9756,0.959,158.14,180.31,59.797,79.122,-98.343,-101.188,522.593,530.154,219.716,225.67,-302.877,-304.484,9.112,11.122,2.029,3.023,-7.083,-8.099,13.708,19.976,140.991,235.888,266.554,105.816,125.821,13.924,22.155,15.27,27.496,227.03,387.68,412.76,180.667,193.184,13.275,25.363,10.627,11.061,41.401,70.489,72.031,27.335,28.968,12.48,13.027,13.685,13.685,67.243,108.828,108.828,42.095,42.095,13.176,13.176,-5999.5,-171.4141,2499.9,71.4256,-546.0666,-15.6019,0.4285,-0.4126,-0.2076,-0.3188,0.2748,0.138,0.4285,-0.4126,571.8317,299.3915,272.4401,26.9514,0.5236,0.4764,171.2016,155.7899,1012.2,-921.0928,1933.3,1.7701,-1.6108,578.8154,-526.7101,54.3739,-58.4699,112.8438,0.0951,-0.1023,31.0927,-33.4349,0.1267,0.5097,0.122,0.8179,82.5434,0.1443,105.3156,0.1842,187.859,0.3285,18.367,0.0321,31.3444,0.0548,49.7114,0.0869,2,2,2,38.6475,0.0676,8.7781,0.0154,0.3671,9.7735,0.0171,2.2079,0.0038611,0.0923,61.592,0.1077,11.0504,0.0193,0.4621,18.5338,0.0324,3.3131,0.0057938,0.1385,165.7362,-111.2819,-55.6409,33822,5637.1
60,28,0.4667,22,0.3667,10,0.1667,0,0,0,0,0,0,62,38,0.6129,6,0.0968,18,0.2903,3,0.05,3,0.05,518.4714,8.6412,3611.6,8836.2,5735,27.6561,18.1339,16.4133,12.9774,19.7355,11.0284,7.7997,5.118,28.156,13.2179,8.3017,9.7938,1.8097,108.5847,0.3064,18.3827,4.0971,245.8287,0.3039,18.2367,3.4682,208.0909,0.5871,35.2285,2.4387,146.3225,0.5825,34.9486,4.1899,251.3939,0.7093,42.5594,1.717,103.0196,0.7037,42.2213,1.6754,0.0038662,0.0018242,0.0013926,129.4023,0.5106,74.0813,0.5815,99.4419,0.5885,450.2136,0.1928,486.0302,0.1,-0.0168,-0.0935,-0.1781,0.1005,0.0205,0.1005,-0.1781,0.2786,0.001604,8.0276,3.1645,820.4667,437.4197,383.047,54.3727,0.5331,0.4669,358.8883,314.2773,652.3458,-571.2571,1223.6,0.7951,-0.6963,535.228,-468.6974,18.3259,-29.9747,48.3006,0.0223,-0.0365,15.0358,-24.5933,0.0674,1.8327,0.1194,0.2139,6,6,6,106.3999,0.1297,24.9075,0.0304,0.8696,8.5419,0.0104,1.9704,0.0024016,0.0688,142.5064,0.1737,28.7893,0.0351,1.0051,19.6295,0.0239,4.0056,0.004882,0.1398,-297.1448,-4.9524,97,1.6167,-9.418,-9.254,-0.768,-0.233,8.486,9.56E-08,0.0236,0.0028833,3.32E-08,0.0136,0.001461,0,0.0301,0.0031382,0,0.0096957,0.0019165,-0.00077451,0.00062859,-1.04E-05,-6.28E-07,0.00013169,2.67E-05,0.3649,-0.2117,-0.2403,-0.3472,0.2693,0.0586,0.3649,-0.3472,4.617,3.01,6.413,0.0793,820.4667,412.6994,407.7673,4.9321,0.503,0.497,338.6061,334.5595,2028.3,-2004.1,4032.4,2.4722,-2.4426,1664.2,-1644.3,62.1075,-89.2869,151.3944,0.0757,-0.1088,50.9572,-73.2569,0.0742,0.1493,0.0706,2.5384,74.9093,0.0913,229.7802,0.2801,304.6895,0.3714,18.5684,0.0226,71.1002,0.0867,89.6686,0.1093,6,6,6,106.3999,0.1297,24.9075,0.0304,0.8696,23.6857,0.0289,5.5143,0.0067209,0.1925,142.5064,0.1737,28.7893,0.0351,1.0051,41.7778,0.0509,8.4454,0.0103,0.2948,0.7307,1.9223,0.9703,0.0234,0.9496,3.8409,3.9612,3.9325,0.1038,1.92,1.0498,2.0504,2.1479,2.0994,0.1542,1.92,1.0878,0.9275,0.9966,0.9774,0.894,0.9674,0.9492,157.811,180.756,59.508,79.579,-98.303,-101.177,521.574,530.777,218.489,226.212,-303.085,-304.565,8.74,11.259,1.867,3.098,-6.873,-8.161,13.281,19.943,140.908,235.608,266.68,105.472,126.605,13.947,22.126,15.022,27.622,227.109,388.287,412.386,181.872,192.979,13.211,25.461,10.453,11.067,41.412,70.614,71.839,27.321,28.713,12.337,12.968,13.629,13.761,67.33,107.53,108.92,40.738,42.103,13.201,13.363,-10310,-171.8325,4300.3,71.6711,-945.5694,-15.7595,0.4979,-0.5573,-0.1969,-0.4276,0.3742,0.1175,0.4979,-0.5573,820.4667,418.3575,402.1093,16.2482,0.5099,0.4901,343.2484,329.9172,3099.9,-2979.5,6079.3,3.7782,-3.6314,2543.3,-2444.6,89.2397,-111.0593,200.2991,0.1088,-0.1354,73.2182,-91.1205,0.0672,0.1351,0.0752,0.252,208.5056,0.2541,229.7802,0.2801,438.2857,0.5342,52.2608,0.0637,73.9155,0.0901,126.1763,0.1538,6,6,6,106.3999,0.1297,24.9075,0.0304,0.8696,31.3186,0.0382,7.3356,0.0089407,0.2561,142.5064,0.1737,28.7893,0.0351,1.0051,47.2688,0.0576,9.6776,0.0118,0.3379,279.038,-237.5357,-118.7679,49045,8174.1
57,27,0.4737,20,0.3509,10,0.1754,0,0,0,0,0,0,59,35,0.5932,6,0.1017,18,0.3051,3,0.0526,3,0.0526,504.4449,8.8499,3533.1,8133.1,5422,26.949,17.6171,16.1657,12.5607,19.0284,10.5843,7.4918,4.7506,27.1722,12.5133,8.0521,9.1896,1.7599,100.315,0.3017,17.1982,4.073,232.1598,0.2992,17.0527,3.428,195.3973,0.5877,33.4992,2.4049,137.0774,0.5827,33.2159,4.2797,243.9454,0.7337,41.8224,1.5531,88.5293,0.7275,41.4687,1.6782,0.0083506,0.00086299,0.00082105,130.5221,0.4964,57.8209,0.6662,113.9422,0.6639,433.9785,0.2193,477.5484,0.1,-0.0128,-0.0935,-0.1781,0.1005,0.0225,0.1005,-0.1781,0.2786,0.0030397,7.1673,3.1436,856.3835,463.8098,392.5738,71.236,0.5416,0.4584,397.199,336.1937,674.4876,-570.8939,1245.4,0.7876,-0.6666,577.6201,-488.9041,20.2726,-34.2686,54.5412,0.0237,-0.04,17.3611,-29.3471,0.0691,1.9784,0.1225,0.5117,6,6,6,126.9164,0.1482,27.3928,0.032,0.9361,10.5473,0.0123,2.2103,0.002581,0.0755,169.1003,0.1975,31.5891,0.0369,1.0795,22.9774,0.0268,4.3592,0.0050903,0.149,-294.9397,-5.1744,94,1.6491,-9.315,-9.136,-0.619,-0.488,8.517,2.96E-09,0.0144,0.0030693,9.87E-10,0.0151,0.0015581,0,0.0268,0.0031605,0,0.0085365,0.0019765,-0.00079366,0.0010238,1.01E-05,-0.00018452,1.86E-05,-2.85E-05,0.353,-0.1963,-0.1904,-0.346,0.2519,0.0631,0.353,-0.346,2.072,1.976,3.705,0.0272,856.3835,418.7643,437.6194,-18.8551,0.489,0.511,358.6228,374.77,2009,-2099.3,4108.2,2.3459,-2.4513,1720.5,-1797.8,66.6089,-98.8173,165.4262,0.0778,-0.1154,57.0428,-84.6255,0.0736,0.1479,0.0721,3.1016,94.4716,0.1103,265.9013,0.3105,360.3729,0.4208,23.1549,0.027,80.0992,0.0935,103.2541,0.1206,6,6,6,126.9164,0.1482,27.3928,0.032,0.9361,28.4028,0.0332,6.0293,0.0070404,0.206,169.1003,0.1975,31.5891,0.0369,1.0795,48.8696,0.0571,9.1255,0.0107,0.3118,0.7481,1.9094,0.9709,0.0236,0.9556,3.8384,3.9602,3.9314,0.1048,1.9259,1.0532,2.0534,2.1839,2.1065,0.1531,1.9259,1.0898,0.9366,0.996,0.9757,0.9043,0.9663,0.9481,158.271,180.204,59.903,79.023,-98.368,-101.181,517.524,530.684,215.03,226.134,-302.494,-304.55,8.948,11.206,1.957,3.069,-6.991,-8.137,13.271,19.966,140.968,235.675,266.416,105.56,126.507,13.916,22.14,15.118,27.672,227.199,388.466,412.435,181.808,193.339,13.314,25.485,10.492,11.057,41.43,70.15,71.891,26.964,28.569,12.388,13.004,13.683,13.745,67.317,108.685,109.058,41.805,42.258,13.169,13.378,-10107,-177.3217,4214.9,73.945,-913.5783,-16.0277,0.486,-0.4967,-0.1666,-0.3965,0.3196,0.1495,0.486,-0.4967,856.3835,427.9215,428.462,-0.5405,0.4997,0.5003,366.4649,366.9278,3180.5,-3184.5,6365,3.7139,-3.7185,2723.8,-2727.2,97.5907,-124.2413,221.832,0.114,-0.1451,83.5751,-106.3982,0.0654,0.1315,0.0668,0.2239,270.5324,0.3159,265.9013,0.3105,536.4337,0.6264,67.0243,0.0783,83.2383,0.0972,150.2626,0.1755,6,6,6,126.9164,0.1482,27.3928,0.032,0.9361,36.95,0.0431,7.8909,0.0092142,0.2696,169.1003,0.1975,31.5891,0.0369,1.0795,54.4328,0.0636,10.249,0.012,0.3502,280.3571,-380.5426,-190.2713,61489,10248
60,28,0.4667,22,0.3667,10,0.1667,0,0,0,0,0,0,62,38,0.6129,6,0.0968,18,0.2903,3,0.05,3,0.05,518.4714,8.6412,3612.4,8086.7,6247,27.6561,18.1171,16.4955,12.9522,19.7355,11.0224,7.8475,5.0449,28.156,13.2179,8.5913,9.7938,1.8097,108.5847,0.3064,18.3827,4.0971,245.8287,0.3039,18.2367,3.4682,208.0909,0.5871,35.2285,2.4387,146.3225,0.5825,34.9486,4.1899,251.3939,0.7093,42.5594,1.717,103.0196,0.7037,42.2213,1.5603,0.0089005,0.00062511,0.00059884,143.16,0.4647,55.9609,0.5991,120.3424,0.6129,450.7572,0.1896,527.0674,0.1,-0.0129,-0.0935,-0.1785,0.1005,0.0224,0.1005,-0.1785,0.279,0.00097491,7.2053,3.1671,909.4337,495.4718,413.9617,81.5102,0.5448,0.4552,450.5988,376.4707,738.8114,-617.2693,1356.1,0.8124,-0.6787,671.9,-561.3655,21.9801,-33.9504,55.9305,0.0242,-0.0373,19.9894,-30.8757,0.0674,1.8973,0.1197,1.0717,6,6,6,133.1191,0.1464,28.0491,0.0308,0.9301,11.1638,0.0123,2.2758,0.0025025,0.0755,166.1866,0.1827,31.4205,0.0345,1.0419,22.732,0.025,4.3501,0.0047833,0.1442,-299.0605,-4.9843,97,1.6167,-9.23,-9.175,-0.624,-0.62,8.551,2.56E-08,0.0218,0.00282,1.18E-08,0.0158,0.0016755,4.27E-09,0.0288,0.0030512,7.47E-09,0.0086115,0.0019647,-0.0011676,0.0010362,-1.68E-05,-2.21E-07,0.00038062,4.57E-05,0.351,-0.197,-0.2347,-0.3462,0.249,0.0631,0.351,-0.3462,0.3,1.633,1.586,0.0048515,909.4337,457.4545,451.9791,5.4754,0.503,0.497,416.0245,411.045,2237.6,-2210.9,4448.4,2.4604,-2.431,2034.9,-2010.6,70.535,-99.5298,170.0648,0.0776,-0.1094,64.1469,-90.5158,0.0718,0.6733,0.0708,2.8766,101.1514,0.1112,259.995,0.2859,361.1465,0.3971,24.786,0.0273,79.6543,0.0876,104.4403,0.1148,6,6,6,133.1191,0.1464,28.0491,0.0308,0.9301,29.9152,0.0329,6.1899,0.0068063,0.2053,166.1866,0.1827,31.4205,0.0345,1.0419,48.4567,0.0533,9.1509,0.0101,0.3034,0.7435,1.9093,0.9708,0.0241,0.9423,3.8385,3.9607,3.9326,0.1018,1.9132,1.0498,2.0531,2.1469,2.1,0.1543,1.9132,1.0879,0.938,0.996,0.978,0.9056,0.9662,0.9497,158.442,180.229,59.985,79.049,-98.457,-101.18,521.108,530.703,218.136,226.151,-302.972,-304.552,8.982,11.206,1.972,3.068,-7.01,-8.138,13.298,19.975,140.986,235.666,266.368,105.551,126.987,13.918,22.148,15.088,27.55,226.992,388.316,412.437,181.798,193.071,13.286,25.382,10.494,11.051,41.416,70.656,71.656,27.335,28.561,12.39,12.951,13.682,13.694,67.238,108.687,108.794,41.93,41.98,13.171,13.358,-10308,-171.8071,4298.4,71.6405,-945.5412,-15.759,0.4945,-0.5043,-0.1947,-0.3873,0.3145,0.1292,0.4945,-0.5043,909.4337,469.4705,439.9631,29.5074,0.5162,0.4838,426.9523,400.1172,3545.5,-3322.6,6868.1,3.8986,-3.6534,3224.4,-3021.6,102.5996,-127.424,230.0236,0.1128,-0.1401,93.3076,-115.8837,0.0655,0.1317,0.0668,0.4028,242.8589,0.267,259.995,0.2859,502.8539,0.5529,60.947,0.067,83.7215,0.0921,144.6685,0.1591,6,6,6,133.1191,0.1464,28.0491,0.0308,0.9301,38.6079,0.0425,8.0433,0.0088443,0.2667,166.1866,0.1827,31.4205,0.0345,1.0419,55.0949,0.0606,10.4573,0.0115,0.3468,293.5756,-288.0236,-144.0118,72034,12006
54,24,0.4444,20,0.3704,6,0.1111,2,0.037,2,0.037,0,0,56,38,0.6786,6,0.1071,12,0.2143,3,0.0556,2,0.037,470.4259,8.7116,3254.7,7621,4247,24.8277,16.1508,14.8135,12.3164,17.7797,10.1512,7.3858,5.0854,24.9329,10.9466,6.4328,8.0274,2.1461,115.8868,0.3729,20.1371,3.6088,194.8771,0.3695,19.9552,3.5842,193.5446,0.6228,33.6314,2.1707,117.2193,0.6172,33.3275,3.9401,212.7639,0.6846,36.971,1.8148,98,0.6785,36.637,1.5673,0.0165,0.0010068,0.00097855,128.3625,0.6666,39.8405,0.7436,104.082,0.7051,399.1975,0.3235,422.4166,0.0726,-0.0029165,-0.1072,-0.1618,0.0915,0.0274,0.0915,-0.1618,0.2533,0.0029365,6.7012,2.5178,780.3123,442.8186,337.4937,105.325,0.5675,0.4325,345.5368,263.3505,574.9843,-438.2234,1013.2,0.7369,-0.5616,448.6673,-341.9511,14.1105,-40.3358,54.4463,0.0181,-0.0517,11.0106,-31.4745,0.0705,0.6723,0.1246,3.0497,8,8,8,120.7137,0.1547,30.6908,0.0393,1.0987,5.0731,0.0065013,1.3624,0.001746,0.0488,200.3733,0.2568,35.9416,0.0461,1.2867,25.0501,0.0321,4.5175,0.0057894,0.1617,-242.6091,-4.4928,88,1.6296,-10.053,-9.674,-0.69,-0.689,8.984,2.86E-07,0.0043727,0.00077351,9.20E-06,0.0084026,0.00281,1.36E-05,0.0137,0.0039091,8.55E-05,0.0054205,0.0019011,-0.00037776,0.00040245,-1.87E-05,-0.0007466,5.70E-05,-0.00029428,0.4201,-0.3342,-0.2521,-0.3656,0.2324,0.0814,0.4201,-0.4028,0.001,0.001,0,0,780.3123,419.4272,360.8851,58.5421,0.5375,0.4625,327.2842,281.6031,2085.3,-1794.3,3879.6,2.6724,-2.2994,1627.2,-1400.1,54.2363,-91.7929,146.0292,0.0695,-0.1176,42.3213,-71.6271,0.0845,0.2265,0.081,0.0493,19.0852,0.0245,200.3733,0.2568,219.4584,0.2812,4.4354,0.0056841,62.334,0.0799,66.7694,0.0856,8,8,8,112.6025,0.1443,29.5647,0.0379,1.0584,16.5107,0.0212,4.3833,0.0056174,0.1569,200.3733,0.2568,35.9416,0.0461,1.2867,62.334,0.0799,11.2294,0.0144,0.402,0.7489,1.9103,0.9711,0.021,0.9343,3.8528,3.9455,3.9147,0.1017,1.9054,1.0516,2.0378,2.1374,2.0847,0.1568,1.9054,1.1659,0.946,0.9934,0.981,0.9148,0.9646,0.9542,155.303,185.531,57.726,84.141,-97.577,-101.39,522.044,532.23,219.408,227.554,-302.636,-304.676,9.181,10.987,2.06,2.95,-7.121,-8.037,12.011,19.99,141.075,231.084,270.066,102.316,126.756,13.046,22.225,18.477,27.486,226.843,399.582,410.102,185.015,191.913,15.996,25.371,10.45,11.05,41.394,69.911,71.725,26.837,28.26,12.379,13.12,13.693,13.693,67.258,109.149,109.149,42.402,42.403,13.182,13.182,-9799,-181.4623,4085.8,75.6621,-843.1756,-15.6144,0.3908,-0.5091,-0.2834,-0.3352,0.3231,0.1119,0.3908,-0.5091,780.3123,384.7312,395.5811,-10.8499,0.493,0.507,300.2105,308.6768,2290.6,-2355.1,4645.7,2.9355,-3.0181,1787.4,-1837.7,73.7036,-95.7155,169.419,0.0945,-0.1227,57.5118,-74.688,0.0656,0.176,0.0855,0,179.8778,0.2305,200.3733,0.2568,380.251,0.4873,40.7854,0.0523,62.6862,0.0803,103.4715,0.1326,8,8,8,126.9164,0.1626,31.5984,0.0405,1.1312,26.6408,0.0341,6.7858,0.0086962,0.2429,200.3733,0.2568,35.9416,0.0461,1.2867,62.6862,0.0803,11.2064,0.0144,0.4012,244.8235,0.1652,0.0826,46285,7714.1
60,26,0.4333,24,0.4,6,0.1,2,0.0333,2,0.0333,0,0,62,42,0.6774,6,0.0968,14,0.2258,3,0.05,2,0.0333,498.4795,8.308,3392.7,8004.7,5254,26.2419,17.1171,15.7332,12.537,19.04,11.1495,8.2969,5.656,26.5824,12.0955,7.7483,8.9313,2.1404,128.426,0.3624,21.7417,3.7665,225.9874,0.3595,21.569,3.7329,223.9749,0.632,37.9176,2.174,130.4386,0.6269,37.6163,4.1736,250.4134,0.7066,42.3934,1.7333,104,0.7009,42.0566,1.5295,0.0047745,0.0011416,0.0010243,121.7423,0.5452,69.3412,0.7518,106.822,0.6929,433.9946,0.2436,423.7769,0.0723,-0.0203,-0.1074,-0.1618,0.0915,0.0187,0.0915,-0.1618,0.2533,0.0023152,7.4876,2.8661,823.369,516.0242,307.3448,208.6793,0.6267,0.3733,424.8783,253.0582,715.1159,-425.9243,1141,0.8685,-0.5173,588.8043,-350.6928,16.1659,-36.8018,52.9677,0.0196,-0.0447,13.3105,-30.3014,0.066,1.354,0.1168,1.673,8,8,8,100.6743,0.1223,27.2746,0.0331,0.9505,5.4038,0.006563,1.4603,0.0017735,0.0509,176.7423,0.2147,34.0657,0.0414,1.1872,21.7378,0.0264,4.2254,0.0051318,0.1473,-271.3189,-4.522,94,1.5667,-10.087,-9.708,-0.743,-0.52,8.965,0,0.0303,0.0032248,0,0.003984,0.00067193,0,0.0253,0.0035973,2.16E-09,0.0107,0.0020306,-1.13E-05,6.36E-06,-3.03E-07,-8.04E-07,5.05E-06,7.12E-07,0.407,-0.3064,-0.2522,-0.3799,0.2524,0.0633,0.407,-0.4451,1.169,0.903,0.413,0.00034218,823.369,472.408,350.961,121.447,0.5738,0.4262,388.9661,288.9704,2624,-1949.4,4573.5,3.187,-2.3676,2160.6,-1605.1,62.3366,-89.4766,151.8132,0.0757,-0.1087,51.3261,-73.6723,0.0733,0.4615,0.0801,0.1008,41.5103,0.0504,176.7423,0.2147,218.2526,0.2651,10.1419,0.0123,56.4042,0.0685,66.5461,0.0808,8,8,8,97.8115,0.1188,26.9188,0.0327,0.9381,17.7659,0.0216,4.9144,0.0059686,0.1713,176.7423,0.2147,34.0657,0.0414,1.1872,56.4042,0.0685,11.0256,0.0134,0.3842,0.7445,1.9782,0.9731,0.0196,0.9389,3.848,3.9638,3.9241,0.1021,1.9104,1.051,2.0127,2.1289,2.0754,0.1583,1.9104,1.1607,0.9363,0.996,0.9792,0.8724,0.9755,0.9514,155.815,184.471,58.146,83.101,-97.669,-101.37,522.045,533.366,219.391,228.557,-302.654,-304.809,8.942,11.203,1.954,3.067,-6.988,-8.136,12.2,19.952,140.946,231.749,269.442,102.984,126.298,13.296,22.15,18.348,27.534,226.919,399.848,411.111,185.115,193.008,15.882,25.376,10.395,11.061,41.411,69.173,73.286,26.799,30.306,12.31,13.071,13.68,13.735,67.311,108.351,109.202,41.647,42.37,13.201,13.257,-10209,-170.1535,4263.1,71.0513,-909.7966,-15.1633,0.4848,-0.5659,-0.2301,-0.3604,0.373,0.0983,0.4848,-0.7033,823.369,438.8152,384.5537,54.2615,0.533,0.467,361.3069,316.6296,3103.4,-2719.7,5823.1,3.7691,-3.3031,2555.2,-2239.3,84.6041,-94.0382,178.6422,0.1028,-0.1142,69.6604,-77.4281,0.0686,0.4318,0.0994,0.1251,209.4598,0.2544,176.7423,0.2147,386.2021,0.4691,47.6526,0.0579,54.9202,0.0667,102.5728,0.1246,8,8,8,107.8313,0.131,28.2527,0.0343,0.9846,25.8881,0.0314,7.0115,0.0085157,0.2444,176.7423,0.2147,34.0657,0.0414,1.1872,54.9202,0.0667,11.1013,0.0135,0.3869,254.2178,-68.8258,-34.4129,42126,7021.1
57,25,0.4386,22,0.386,6,0.1053,2,0.0351,2,0.0351,0,0,59,40,0.678,6,0.1017,13,0.2203,3,0.0526,2,0.0351,484.4527,8.4992,3322.6,7888.5,4734,25.5348,16.6339,15.2734,12.4267,18.4098,10.6503,7.8414,5.3623,25.7573,11.5171,7.0689,8.4757,2.1459,122.319,0.3679,20.9706,3.6869,210.1557,0.3648,20.7932,3.8373,218.7261,0.6579,37.4988,1.9956,113.7486,0.6523,37.1816,4.4645,254.4747,0.7654,43.6276,1.3684,78,0.7589,43.2586,1.5477,0.006088,0.0012411,0.001165,121.0823,0.5704,64.6811,0.6633,98.8419,0.5683,416.648,0.2196,420.0561,0.0725,-0.016,-0.1073,-0.1619,0.0915,0.0208,0.0915,-0.1619,0.2534,0.0026551,7.1859,2.6973,776.7753,446.8938,329.8814,117.0124,0.5753,0.4247,347.1361,256.2437,599.9171,-442.8378,1042.8,0.7723,-0.5701,466.0008,-343.9855,14.0499,-39.9957,54.0456,0.0181,-0.0515,10.9136,-31.0676,0.0681,0.6177,0.1206,2.8796,8,8,8,97.8115,0.1259,26.7259,0.0344,0.9589,4.4755,0.0057616,1.2931,0.0016647,0.0464,193.3369,0.2489,35.8603,0.0462,1.2867,24.1272,0.0311,4.4882,0.005778,0.161,-257.1302,-4.5111,91,1.5965,-10.076,-10.02,-0.782,-0.656,9.238,1.50E-05,0.0048063,0.0010309,3.97E-05,0.0143,0.0027258,1.19E-08,0.0251,0.0037499,1.01E-07,0.0108,0.0020647,-0.0013816,0.0013776,-1.21E-05,-0.00013224,0.00072327,0.00016525,0.4069,-0.3438,-0.2477,-0.3684,0.2543,0.0778,0.4069,-0.4444,2.064,1.491,1.752,0.006336,776.7753,417.6484,359.1269,58.5215,0.5377,0.4623,324.4189,278.9609,2231.4,-1918.7,4150,2.8726,-2.47,1733.3,-1490.4,55.4726,-90.079,145.5516,0.0714,-0.116,43.0898,-69.9711,0.0762,0.4797,0.0832,0.0523,25.765,0.0332,193.3369,0.2489,219.1019,0.2821,6.2202,0.0080078,59.2046,0.0762,65.4248,0.0842,8,8,8,105.9227,0.1364,28.5675,0.0368,1.025,17.1305,0.0221,4.7389,0.0061007,0.17,193.3369,0.2489,35.8603,0.0462,1.2867,59.2046,0.0762,11.1534,0.0144,0.4002,0.7286,1.9496,0.9725,0.0254,0.94,3.8536,3.9602,3.9198,0.1007,1.9112,1.0366,2.0292,2.1481,2.0876,0.1007,1.9112,1.0704,0.9353,0.994,0.9798,0.8724,0.9749,0.9527,155.823,185.909,58.149,84.502,-97.674,-101.407,521.69,532.449,219.113,227.736,-302.577,-304.713,8.919,11.03,1.944,2.973,-6.975,-8.057,12.185,19.953,140.948,230.897,269.745,102.256,126.573,13.232,22.162,18.348,27.549,226.944,399.035,410.314,185.217,193.025,15.881,25.402,10.407,11.052,41.396,69.141,73.099,26.781,30.07,12.306,13.134,13.704,13.735,67.31,109.174,109.179,42.344,42.425,13.181,13.256,-10004,-175.5021,4173.9,73.2257,-876.2047,-15.372,0.5192,-0.6193,-0.2891,-0.3661,0.3761,0.074,0.5192,-0.7052,776.7753,388.4029,388.3723,0.0306,0.5,0.5,301.7018,301.678,2783.1,-2783,5566.1,3.5829,-3.5827,2161.9,-2161.7,79.2521,-98.8451,178.0972,0.102,-0.1273,61.5611,-76.7805,0.0725,0.4564,0.0984,0.0619,198.0087,0.2549,193.3369,0.2489,391.3456,0.5038,46.1937,0.0595,61.912,0.0797,108.1057,0.1392,8,8,8,114.9882,0.148,29.7364,0.0383,1.0669,27.4518,0.0353,7.3089,0.0094093,0.2622,193.3369,0.2489,35.8603,0.0462,1.2867,61.912,0.0797,11.8708,0.0153,0.4259,247.4774,83.8045,41.9023,39780,6630
39,18,0.4615,16,0.4103,5,0.1282,0,0,0,0,0,0,40,25,0.625,3,0.075,12,0.3,2,0.0513,2,0.0513,312.3194,8.0082,2169,4553.4,1384,16.6565,11.0966,9.4499,7.6949,12.5608,6.9,4.6875,3.0292,16.7651,8.1433,4.9634,5.9358,1.7789,69.3758,0.3366,13.1259,3.5065,136.7549,0.3343,13.0358,3.3019,128.7724,0.6247,24.3638,1.9835,77.3582,0.6204,24.1966,4.1243,160.8465,0.7803,30.4322,1.1611,45.2842,0.775,30.2233,2.0717,0.0099866,0.0040818,0.0030992,89.3816,0.534,52.7208,0.6639,65.2411,0.6893,286.0998,0.2551,293.429,0.0966,-0.0183,-0.0952,-0.1786,0.0929,0.0197,0.0966,-0.1786,0.2751,0.0065494,3.8096,1.5641,613.617,396.44,217.177,179.263,0.6461,0.3539,243.2623,133.2635,323.7098,-177.3341,501.0439,0.5275,-0.289,198.6338,-108.8152,12.3667,-14.4804,26.8471,0.0202,-0.0236,7.5884,-8.8854,0.1183,0.951,0.2187,1.0443,2,2,2,36.739,0.0599,8.563,0.014,0.3457,2.546,0.0041491,0.5833,0.0009506,0.0235,56.856,0.0927,10.6194,0.0173,0.4287,7.659,0.0125,1.45,0.0023631,0.0585,-130.9178,-3.3569,59,1.5128,-9.465,-9.159,-0.482,-0.059,8.677,1.36E-07,0.025,0.004518,4.46E-07,0.0154,0.0031445,5.06E-07,0.0234,0.0046893,5.68E-05,0.0094355,0.0038308,-0.0087739,0.0087834,0.00016888,-0.0017879,-1.63E-05,-0.0005846,0.351,-0.2012,-0.2374,-0.3383,0.2376,0.059,0.351,-0.3383,1.541,0.32,1.472,0.0069377,613.617,360.7889,252.8281,107.9608,0.588,0.412,221.3862,155.1396,981.7789,-687.9706,1669.7,1.6,-1.1212,602.4362,-422.1505,41.6357,-44.4632,86.0989,0.0679,-0.0725,25.5484,-27.2833,0.129,0.2593,0.1243,3.8814,20.0394,0.0327,102.4019,0.1669,122.4413,0.1995,4.7614,0.0077595,30.2514,0.0493,35.0127,0.0571,2,2,2,36.739,0.0599,8.563,0.014,0.3457,7.4416,0.0121,1.7195,0.0028023,0.0694,56.856,0.0927,10.6194,0.0173,0.4287,15.8465,0.0258,2.9413,0.0047933,0.1187,0.744,1.9078,0.9709,0.0229,0.9396,3.8412,3.9604,3.9356,0.1038,1.9106,1.0304,2.0596,2.1816,2.1069,0.1468,1.9106,1.0899,0.9436,0.9965,0.9858,0.9114,0.9756,0.9601,158.361,180.389,59.967,79.202,-98.394,-101.187,521.329,530.057,218.301,225.581,-303.028,-304.476,9.119,11.255,2.032,3.096,-7.087,-8.159,13.311,19.949,140.94,235.754,266.4,105.703,126.193,13.917,22.126,15.092,27.525,227.031,387.715,412.766,180.726,192.885,13.277,25.372,10.493,11.063,41.433,70.651,72.047,27.38,28.984,12.392,12.993,13.692,13.692,67.252,108.845,108.845,42.109,42.109,13.177,13.177,-5908.7,-151.5063,2460.4,63.0869,-588.7775,-15.0969,0.4071,-0.4116,-0.1855,-0.3174,0.2757,0.1355,0.4071,-0.4116,613.617,368.5466,245.0705,123.4761,0.6006,0.3994,226.1464,150.3794,1590.4,-1057.5,2647.9,2.5918,-1.7234,975.8898,-648.9174,65.5181,-61.158,126.6761,0.1068,-0.0997,40.203,-37.5276,0.0943,0.1897,0.0954,0.3836,101.6286,0.1656,102.4019,0.1669,204.0304,0.3325,22.5943,0.0368,29.6425,0.0483,52.2368,0.0851,2,2,2,36.739,0.0599,8.563,0.014,0.3457,9.3207,0.0152,2.163,0.0035251,0.0873,56.856,0.0927,10.6194,0.0173,0.4287,16.8152,0.0274,3.1291,0.0050995,0.1263,176.6751,369.214,184.607,30888,5148
60,26,0.4333,24,0.4,6,0.1,2,0.0333,0,0,2,0.0333,62,42,0.6774,6,0.0968,14,0.2258,3,0.05,2,0.0333,531.3889,8.8565,3424.8,9111.3,5138,26.2419,17.1508,15.5445,12.624,20.5518,11.9173,9.0572,6.3363,27.2902,12.5973,7.5972,9.5496,2.1404,128.426,0.3624,21.7417,3.7665,225.9874,0.3595,21.569,3.7329,223.9749,0.632,37.9176,2.174,130.4386,0.6269,37.6163,4.2402,254.4134,0.7178,43.0706,1.6667,100,0.7121,42.7284,1.5532,0.0047487,0.0015616,0.0013384,120.4223,0.5549,72.6013,0.7219,100.8619,0.6788,449.5219,0.2496,442.1808,0.0724,-0.0203,-0.1073,-0.1617,0.0915,0.0187,0.0915,-0.1617,0.2532,0.002311,7.3202,2.6984,794.6053,434.19,360.4152,73.7748,0.5464,0.4536,345.0097,286.3878,569.301,-472.5691,1041.9,0.7165,-0.5947,452.3696,-375.5059,13.1542,-30.0379,43.1921,0.0166,-0.0378,10.4524,-23.8683,0.0698,1.4654,0.1233,1.9877,8,8,8,87.7918,0.1105,23.8746,0.03,0.847,4.7122,0.0059302,1.2728,0.0016018,0.0452,189.1517,0.238,35.1453,0.0442,1.2468,23.123,0.0291,4.3411,0.0054632,0.154,-195.8467,-3.2641,94,1.5667,-9.897,-9.888,-0.724,-0.416,9.164,1.84E-09,0.0225,0.0028718,1.07E-07,0.001763,0.00034967,0,0.0243,0.003729,0,0.0090097,0.0016218,-4.36E-05,5.52E-05,1.09E-06,-3.03E-05,1.48E-05,-2.55E-06,0.4142,-0.3186,-0.2552,-0.3826,0.2591,0.066,0.4142,-0.4512,5.531,0.724,5.549,0.0579,794.6053,420.5784,374.0269,46.5515,0.5293,0.4707,334.1938,297.2037,2186.5,-1944.4,4130.9,2.7517,-2.447,1737.4,-1545,53.0457,-80.3837,133.4293,0.0668,-0.1012,42.1504,-63.8733,0.0797,0.1115,0.0868,0.0546,31.9677,0.0402,189.1517,0.238,221.1194,0.2783,7.6291,0.0096011,59.1183,0.0744,66.7474,0.084,8,8,8,86.3604,0.1087,23.6955,0.0298,0.8406,14.7521,0.0186,4.07,0.0051221,0.1444,189.1517,0.238,35.1453,0.0442,1.2468,59.1183,0.0744,11.1587,0.014,0.3959,0.7409,1.9922,0.9732,0.02,0.9531,3.8467,3.9639,3.9289,0.1069,1.923,1.0525,2.01,2.1392,2.0793,0.1603,1.923,1.1656,0.9329,0.9956,0.9795,0.8637,0.9756,0.9515,155.516,184.873,57.915,83.536,-97.601,-101.337,522.269,533.566,219.642,228.749,-302.627,-304.817,8.862,11.171,1.919,3.049,-6.943,-8.122,12.196,19.97,141.04,230.854,269.389,102.273,126.152,13.178,22.166,18.23,27.699,227.256,399.491,411.065,184.339,193.503,15.784,25.557,10.398,11.067,41.402,69.247,73.169,26.87,30.195,12.315,13.101,13.709,13.732,67.328,108.671,109.46,41.918,42.65,13.213,13.245,-9820.6,-163.6762,4072.5,67.8748,-892.3916,-14.8732,0.3645,-0.489,-0.2063,-0.3274,0.3518,0.111,0.3645,-0.5414,794.6053,461.6165,332.9887,128.6278,0.5809,0.4191,366.8029,264.5946,2971.6,-2143.4,5115,3.7397,-2.6975,2361.2,-1703.2,74.15,-75.8646,150.0146,0.0933,-0.0955,58.92,-60.2824,0.0566,0.1981,0.0841,0.1587,103.5371,0.1303,189.1517,0.238,292.6888,0.3683,24.9152,0.0314,53.9438,0.0679,78.859,0.0992,8,8,8,74.9093,0.0943,21.7418,0.0274,0.7713,18.3238,0.0231,5.3423,0.0067232,0.1895,189.1517,0.238,35.1453,0.0442,1.2468,53.9438,0.0679,10.3592,0.013,0.3675,262.6728,-53.518,-26.759,34845,5807.6
43,19,0.4419,18,0.4186,6,0.1395,0,0,0,0,0,0,44,29,0.6591,3,0.0682,12,0.2727,2,0.0465,2,0.0465,342.3452,7.9615,2386.5,5258.5,1666,18.2338,12.0452,10.1587,8.5389,13.8917,7.429,5.0253,3.3477,18.6951,9.0034,5.1803,6.7328,1.8492,79.5158,0.3408,14.6539,3.5771,153.8135,0.3387,14.5649,3.3964,146.0452,0.6259,26.9145,2.0299,87.2842,0.6221,26.751,4.2108,181.0647,0.776,33.3682,1.2155,52.2647,0.7713,33.1655,2.2084,0.0085839,0.0040068,0.0029715,96.4218,0.5879,55.8609,0.7399,70.0412,0.7129,311.3139,0.2823,327.8764,0.0966,-0.0183,-0.0952,-0.1764,0.093,0.0197,0.0966,-0.1764,0.273,0.0043106,4.7295,1.803,632.886,440.4471,192.4389,248.0082,0.6959,0.3041,278.7528,121.7919,425.9253,-186.094,612.0193,0.673,-0.294,269.5622,-117.7763,13.9554,-16.079,30.0344,0.0221,-0.0254,8.8322,-10.1762,0.0999,0.6694,0.1825,2.1783,2,2,2,38.1703,0.0603,8.7312,0.0138,0.3471,2.6317,0.0041583,0.5935,0.00093776,0.0236,60.3588,0.0954,10.8531,0.0171,0.4314,7.9591,0.0126,1.4647,0.0023144,0.0582,-166.6134,-3.8747,65,1.5116,-9.552,-9.377,-0.381,-0.348,8.996,1.93E-08,0.023,0.0047414,7.52E-08,0.0031693,0.00065827,1.68E-06,0.0156,0.0046767,3.43E-05,0.0066004,0.0023972,-0.006962,0.0089335,7.53E-05,-0.0016421,0.00025239,-0.00023603,0.3597,-0.201,-0.2403,-0.3359,0.2335,0.0506,0.3597,-0.3359,3.136,0.927,3.887,0.0441,632.886,394.5651,238.3209,156.2442,0.6234,0.3766,249.7147,150.83,1112.7,-672.0411,1784.8,1.7582,-1.0619,704.2205,-425.3254,42.287,-43.7867,86.0738,0.0668,-0.0692,26.7629,-27.712,0.1275,0.2565,0.1191,3.7188,20.5166,0.0324,115.4555,0.1824,135.9721,0.2148,4.7906,0.0075695,33.2749,0.0526,38.0655,0.0601,2,2,2,38.1703,0.0603,8.7312,0.0138,0.3471,7.6735,0.0121,1.7438,0.0027553,0.0693,60.3588,0.0954,10.8531,0.0171,0.4314,16.6324,0.0263,2.9604,0.0046777,0.1177,0.7519,1.9113,0.972,0.0222,0.9518,3.844,3.9607,3.9334,0.103,1.922,1.0245,2.0612,2.1779,2.0966,0.1461,1.922,1.07,0.9455,0.9974,0.9872,0.9182,0.9769,0.9625,157.988,180.349,59.683,79.185,-98.305,-101.164,521.65,529.869,218.368,225.404,-303.282,-304.465,9.168,11.355,2.054,3.151,-7.114,-8.204,13.346,19.929,140.859,236.259,266.643,106.055,125.652,14.052,22.093,14.88,27.645,227.15,387.603,412.637,180.829,193.751,13.097,25.481,10.481,11.064,41.396,70.263,72.793,27.128,29.722,12.399,12.972,13.75,13.75,67.324,109.132,109.132,42.321,42.321,13.236,13.236,-6619.3,-153.9377,2751.6,63.9898,-640.9307,-14.9054,0.5104,-0.4821,-0.1726,-0.3091,0.2775,0.1093,0.5104,-0.4821,632.886,395.9944,236.8915,159.1029,0.6257,0.3743,250.6193,149.9254,1783.7,-1067.1,2850.8,2.8184,-1.686,1128.9,-675.3237,67.5698,-56.7956,124.3654,0.1068,-0.0897,42.764,-35.9452,0.1133,0.2278,0.107,0.3587,89.2232,0.141,115.4555,0.1824,204.6787,0.3234,20.0078,0.0316,31.6328,0.05,51.6405,0.0816,2,2,2,38.1703,0.0603,8.7312,0.0138,0.3471,10.1792,0.0161,2.3246,0.003673,0.0924,60.3588,0.0954,10.8531,0.0171,0.4314,17.3952,0.0275,3.1127,0.0049183,0.1237,186.8888,127.6344,63.8172,32446,5407.7
57,25,0.4386,22,0.386,6,0.1053,2,0.0351,0,0,2,0.0351,59,40,0.678,6,0.1017,13,0.2203,3,0.0526,2,0.0351,517.3626,9.0765,3357.3,8628.2,4622,25.5348,16.6676,15.0846,12.5137,19.9217,11.4182,8.6017,6.0426,26.4645,12.0124,6.9472,9.0829,2.1459,122.319,0.3679,20.9706,3.6869,210.1557,0.3648,20.7932,3.8373,218.7261,0.6579,37.4988,1.9956,113.7486,0.6523,37.1816,4.5346,258.4747,0.7774,44.3133,1.2982,74,0.7709,43.9385,1.5731,0.0057253,0.0012841,0.001163,113.0422,0.5334,70.9212,0.7372,105.062,0.7247,432.8791,0.2518,418.0157,0.0726,-0.016,-0.1072,-0.1618,0.0915,0.0208,0.0915,-0.1618,0.2533,0.0034708,6.8508,2.5308,790.0349,416.8297,373.2053,43.6244,0.5276,0.4724,329.3099,294.8452,528.4446,-473.1389,1001.6,0.6689,-0.5989,417.4896,-373.7962,12.4081,-32.2184,44.6264,0.0157,-0.0408,9.8028,-25.4537,0.0722,0.379,0.1276,2.1327,8,8,8,97.8115,0.1238,27.3441,0.0346,0.9728,4.1607,0.0052665,1.2561,0.00159,0.0447,185.5882,0.2349,34.4171,0.0436,1.2245,22.8625,0.0289,4.2844,0.0054231,0.1524,-180.6051,-3.1685,91,1.5965,-9.864,-9.839,-0.657,-0.546,9.182,2.74E-06,0.0054025,0.0010466,6.70E-05,0.0147,0.0027217,0,0.0257,0.0038893,2.14E-09,0.0079946,0.0014303,-0.00077284,0.00073602,-2.52E-06,-0.00020964,0.00017568,2.61E-05,0.4144,-0.3017,-0.2617,-0.3737,0.2543,0.0779,0.4144,-0.4442,5.466,1.645,6.93,0.0928,790.0349,413.9709,376.0639,37.907,0.524,0.476,327.0515,297.1036,2032.9,-1846.8,3879.7,2.5732,-2.3376,1606.1,-1459,52.4649,-75.4767,127.9416,0.0664,-0.0955,41.4491,-59.6292,0.0844,0.4134,0.0905,0,22.4251,0.0284,185.5882,0.2349,208.0133,0.2633,5.3821,0.0068125,56.5299,0.0716,61.912,0.0784,8,8,8,100.6743,0.1274,27.778,0.0352,0.9883,15.6056,0.0198,4.4791,0.0056695,0.1594,185.5882,0.2349,34.4171,0.0436,1.2245,56.5299,0.0716,10.5881,0.0134,0.3767,0.7328,1.9918,0.971,0.0266,0.9545,3.8517,3.9603,3.9264,0.1074,1.9252,1.0537,2.0242,2.1255,2.0844,0.1408,1.9252,1.1683,0.9353,0.9939,0.9805,0.8725,0.9734,0.9535,155.501,184.221,57.908,82.907,-97.593,-101.314,522.793,532.866,220.068,228.122,-302.725,-304.744,8.919,11.028,1.944,2.972,-6.975,-8.056,12.181,20.04,141.128,231.74,269.434,102.924,126.089,13.313,22.257,18.304,27.665,227.154,399.852,410.014,184.88,193.122,15.823,25.494,10.405,11.06,41.389,69.229,72.796,26.87,29.778,12.309,13.063,13.718,13.754,67.35,109.581,109.672,42.775,42.819,13.215,13.257,-9613,-168.6494,3981.1,69.8446,-858.528,-15.0619,0.5256,-0.5745,-0.2609,-0.3788,0.3664,0.0943,0.5256,-0.7507,790.0349,520.2393,269.7957,250.4436,0.6585,0.3415,411.0071,213.148,3662.8,-1899.6,5562.5,4.6363,-2.4045,2893.8,-1500.8,85.7845,-73.327,159.1114,0.1086,-0.0928,67.7727,-57.9309,0.0747,0.05,0.1066,0,106.3999,0.1347,185.5882,0.2349,291.9881,0.3696,26.355,0.0334,56.0295,0.0709,82.3844,0.1043,8,8,8,95.4259,0.1208,26.9417,0.0341,0.9585,22.7342,0.0288,6.5815,0.0083306,0.2342,185.5882,0.2349,34.4171,0.0436,1.2245,56.0295,0.0709,10.5998,0.0134,0.3771,256.0819,-124.4,-62.2,38561,6426.9
61,24,0.3934,31,0.5082,5,0.082,1,0.0164,0,0,0,0,63,53,0.8413,4,0.0635,6,0.0952,3,0.0492,1,0.0164,413.5109,6.7789,2741.2,6674.1,2808,21.7778,14.2901,13.1832,11.0123,17.577,10.8903,8.9713,7.0859,22.5333,9.331,5.1302,7.0086,1.8898,115.2805,0.3187,19.4378,4.0409,246.4944,0.3162,19.2865,3.2156,196.1492,0.5422,33.0733,2.7152,165.6257,0.538,32.8158,4.0299,245.8266,0.6795,41.4496,1.9008,115.9483,0.6742,41.1268,1.6421,0.0073784,0.0023168,0.002239,99.8219,0.5712,69.0612,0.7255,101.5019,0.558,392.5773,0.2257,359.0431,0.1,-0.0333,-0.0935,-0.1585,0.1005,0.0122,0.1005,-0.1585,0.259,0.0194,6.1992,2.5032,731.009,521.0493,209.9597,311.0895,0.7128,0.2872,380.8917,153.4824,555.6738,-223.9118,779.5857,0.7601,-0.3063,406.2025,-163.6816,14.7994,-20.3997,35.1991,0.0202,-0.0279,10.8185,-14.9124,0.0942,2.7876,0.1486,2.5725,5,5,5,86.8375,0.1188,19.3359,0.0265,0.7152,6.7017,0.0091677,1.4008,0.0019163,0.0518,123.7181,0.1692,22.9312,0.0314,0.8481,15.8508,0.0217,2.9678,0.0040598,0.1098,-218.5378,-3.5826,81,1.3279,-10.128,-9.304,-0.642,-0.31,8.662,1.53E-07,0.0194,0.0028081,7.28E-08,0.0064154,0.0013785,0,0.0287,0.0035435,1.60E-05,0.0103,0.004183,-0.0053282,0.0062456,0.00010688,-0.0014939,-1.39E-05,-0.00042092,0.3757,-0.2007,-0.2519,-0.3814,0.2532,0.0558,0.3757,-0.4319,2.058,1.433,1.874,0.0084928,731.009,516.9984,214.0106,302.9878,0.7072,0.2928,377.9304,156.4436,2148.3,-889.2781,3037.6,2.9388,-1.2165,1570.4,-650.0703,54.7006,-59.1714,113.8721,0.0748,-0.0809,39.9867,-43.2549,0.0904,0.1212,0.1039,0.1266,72.5237,0.0992,164.3625,0.2248,236.8862,0.3241,17.9669,0.0246,53.3759,0.073,71.3428,0.0976,5,5,5,100.6743,0.1377,22.205,0.0304,0.8213,21.42,0.0293,4.564,0.0062435,0.1688,123.7181,0.1692,22.9312,0.0314,0.8481,39.6016,0.0542,7.3784,0.0101,0.2729,0.7468,1.9105,0.9841,0.0235,0.95,3.8186,3.9728,3.942,0.1066,1.9206,1.0302,2.0297,2.1419,2.0842,0.1395,1.9206,1.0826,0.9359,0.9969,0.988,0.8689,0.9864,0.9655,157.52,180.356,59.154,79.178,-98.366,-101.178,522.03,533.466,219.298,228.709,-302.732,-304.757,8.932,11.293,1.95,3.116,-6.982,-8.177,12.089,19.906,140.825,233.712,266.327,105.7,126.236,13.106,22.064,18.144,27.63,227.129,389.918,412.291,181.993,192.994,15.759,25.451,10.399,11.049,41.371,70.544,74.041,27.231,30.801,12.398,12.94,13.694,13.735,67.299,108.585,108.875,41.713,42.088,13.222,13.374,-7475.7,-122.5519,3115.5,51.073,-826.2095,-13.5444,0.5059,-0.4827,-0.287,-0.39,0.387,0.0427,0.5059,-0.7806,731.009,516.9984,214.0106,302.9878,0.7072,0.2928,377.9304,156.4436,3360.5,-1391.2,4751.7,4.5971,-1.9031,2456.6,-1017,75.3288,-66.6425,141.9713,0.103,-0.0912,55.066,-48.7163,0.0778,0.0522,0.1201,0.1462,126.9164,0.1736,164.3625,0.2248,291.2789,0.3985,35.347,0.0484,55.1644,0.0755,90.5114,0.1238,5,5,5,98.7658,0.1351,21.9483,0.03,0.8118,28.9172,0.0396,6.2279,0.0085196,0.2303,123.7181,0.1692,22.9312,0.0314,0.8481,42.4996,0.0581,8.2584,0.0113,0.3054,214.3178,128.3565,64.1783,26536,4422.6
